age_min,state,income_max,priority,ministry,scheme_type,benefits,category,description,eligibility,scheme_name,occupation,target_group,gender,age_max,family_income_max,age_group,income_group,combined_text
10,all,1000000.0,Not Available,Ministry of Finance,Not Available,Bank account + insurance,financial inclusion,Financial inclusion,Unbanked citizens,Pradhan Mantri Jan Dhan Yojana,all,General Public,all,100,Not Available,child,upper_middle,Pradhan Mantri Jan Dhan Yojana financial inclusion Financial inclusion Bank account + insurance General Public
0,all,300000.0,Not Available,Ministry of Health,Not Available,₹5 lakh insurance,health,Healthcare scheme,BPL families,Ayushman Bharat PM-JAY,all,Poor Families,all,100,Not Available,,middle,Ayushman Bharat PM-JAY health Healthcare scheme ₹5 lakh insurance Poor Families
18,rural,600000.0,Not Available,Ministry of Agriculture,Not Available,₹6000/year,farmer,Income support,Farmers,PM Kisan Samman Nidhi,farmer,Farmers,all,70,Not Available,child,upper_middle,PM Kisan Samman Nidhi farmer Income support ₹6000/year Farmers
18,rural,1000000.0,Not Available,Ministry of Agriculture,Not Available,Crop insurance,farmer,Crop protection,Farmers,PM Fasal Bima Yojana,farmer,Farmers,all,70,Not Available,child,upper_middle,PM Fasal Bima Yojana farmer Crop protection Crop insurance Farmers
18,all,600000.0,Not Available,Ministry of Housing,Not Available,House subsidy,housing,Affordable housing,EWS/LIG,PM Awas Yojana,all,Poor Families,all,70,Not Available,child,upper_middle,PM Awas Yojana housing Affordable housing House subsidy Poor Families
0,all,500000.0,Not Available,Ministry of Women,Not Available,Education support,women,Promote girls education,Girl child,Beti Bachao Beti Padhao,student,Girls,female,25,Not Available,,middle,Beti Bachao Beti Padhao women Promote girls education Education support Girls
18,all,500000.0,Not Available,Ministry of Finance,Not Available,Pension,pension,Retirement support,Workers 18-40,Atal Pension Yojana,worker,Workers,all,40,Not Available,child,middle,Atal Pension Yojana pension Retirement support Pension Workers
18,all,1000000.0,Not Available,Ministry of Finance,Not Available,Loan up to 10L,startup,Business support,Small business,PM Mudra Yojana,business,Entrepreneurs,all,65,Not Available,child,upper_middle,PM Mudra Yojana startup Business support Loan up to 10L Entrepreneurs
18,all,1000000.0,Not Available,Ministry of Finance,Not Available,Loan for SC/ST/Women,startup,Business promotion,SC/ST/Women,Stand Up India,business,Women/SC/ST,all,65,Not Available,child,upper_middle,Stand Up India startup Business promotion Loan for SC/ST/Women Women/SC/ST
10,all,1000000.0,Not Available,MeitY,Not Available,Digital services,digital,Digital empowerment,All citizens,Digital India,all,General Public,all,100,Not Available,child,upper_middle,Digital India digital Digital empowerment Digital services General Public
18,rural,200000.0,Not Available,Petroleum Ministry,Not Available,Free LPG,women,Clean fuel,BPL women,PM Ujjwala Yojana,housewife,Women,female,60,Not Available,child,low,PM Ujjwala Yojana women Clean fuel Free LPG Women
18,urban,300000.0,Not Available,Housing Ministry,Not Available,Loan for vendors,startup,Vendor support,Street vendors,PM SVANidhi,vendor,Urban Poor,all,60,Not Available,child,middle,PM SVANidhi startup Vendor support Loan for vendors Urban Poor
18,rural,300000.0,Not Available,Rural Ministry,Not Available,SHG support,rural development,Livelihood,Rural poor,DAY-NRLM,worker,Rural Poor,all,60,Not Available,child,middle,DAY-NRLM rural development Livelihood SHG support Rural Poor
18,urban,300000.0,Not Available,Housing Ministry,Not Available,Skill + loan,urban development,Urban jobs,Urban poor,DAY-NULM,worker,Urban Poor,all,60,Not Available,child,middle,DAY-NULM urban development Urban jobs Skill + loan Urban Poor
60,all,300000.0,Not Available,Rural Ministry,Not Available,Pension,social welfare,Social security,BPL elderly,NSAP,unemployed,Elderly,all,100,Not Available,adult,middle,NSAP social welfare Social security Pension Elderly
18,all,1000000.0,Not Available,Finance Ministry,Not Available,₹2L insurance,insurance,Life insurance,18-50,PMJJBY,all,General Public,all,50,Not Available,child,upper_middle,PMJJBY insurance Life insurance ₹2L insurance General Public
18,all,1000000.0,Not Available,Finance Ministry,Not Available,₹2L accident,insurance,Accident insurance,18-70,PMSBY,all,General Public,all,70,Not Available,child,upper_middle,PMSBY insurance Accident insurance ₹2L accident General Public
18,all,500000.0,Not Available,Skill Ministry,Not Available,Training,skill,Skill dev,Youth,Skill India,student,Youth,all,35,Not Available,child,middle,Skill India skill Skill dev Training Youth
18,all,1000000.0,Not Available,DPIIT,Not Available,Tax benefits,startup,Startup support,Startups,Startup India,business,Entrepreneurs,all,65,Not Available,child,upper_middle,Startup India startup Startup support Tax benefits Entrepreneurs
18,all,1000000.0,Not Available,Commerce Ministry,Not Available,Industrial support,manufacturing,Manufacturing,Businesses,Make in India,business,Business,all,65,Not Available,child,upper_middle,Make in India manufacturing Manufacturing Industrial support Business
18,rural,800000.0,Not Available,Renewable Ministry,Not Available,Solar pumps,energy,Solar scheme,Farmers,PM KUSUM,farmer,Farmers,all,65,Not Available,child,upper_middle,PM KUSUM energy Solar scheme Solar pumps Farmers
18,coastal,600000.0,Not Available,Fisheries Ministry,Not Available,Fisher support,fisheries,Fisheries growth,Fish farmers,PM Matsya Sampada,fisherman,Fishermen,all,60,Not Available,child,upper_middle,PM Matsya Sampada fisheries Fisheries growth Fisher support Fishermen
5,all,300000.0,Not Available,Education Ministry,Not Available,Free meals,student,Nutrition,School students,Mid Day Meal,student,Students,all,15,Not Available,child,middle,Mid Day Meal student Nutrition Free meals Students
10,all,400000.0,Not Available,Education Ministry,Not Available,Scholarships,student,Education support,Students,National Scholarship Portal,student,Students,all,30,Not Available,child,middle,National Scholarship Portal student Education support Scholarships Students
0,uttar pradesh,300000.0,Not Available,UP Govt,Not Available,Financial aid,women,Support girls,Girl child,Mukhyamantri Kanya Sumangala,student,Women,female,25,Not Available,,middle,Mukhyamantri Kanya Sumangala women Support girls Financial aid Women
16,uttar pradesh,300000.0,Not Available,UP Govt,Not Available,Laptop,student,Digital support,Students,UP Free Laptop Scheme,student,Students,all,25,Not Available,child,middle,UP Free Laptop Scheme student Digital support Laptop Students
18,uttar pradesh,300000.0,Not Available,UP Govt,Not Available,Allowance,employment,Support unemployed,Unemployed youth,UP बेरोजगारी भत्ता,unemployed,Youth,all,35,Not Available,child,middle,UP बेरोजगारी भत्ता employment Support unemployed Allowance Youth
40,uttar pradesh,200000.0,Not Available,UP Govt,Not Available,Pension,women,Support women,Women,Rani Lakshmi Bai Pension,unemployed,Women,female,100,Not Available,adult,low,Rani Lakshmi Bai Pension women Support women Pension Women
18,uttar pradesh,500000.0,Not Available,UP Govt,Not Available,Loan waiver,farmer,Debt relief,Farmers,UP किसान ऋण मोचन,farmer,Farmers,all,70,Not Available,child,middle,UP किसान ऋण मोचन farmer Debt relief Loan waiver Farmers
18,delhi,500000.0,Not Available,Delhi Govt,Not Available,Free electricity,subsidy,Utility subsidy,Residents,Delhi Free Electricity Scheme,all,General Public,all,100,Not Available,child,middle,Delhi Free Electricity Scheme subsidy Utility subsidy Free electricity General Public
0,delhi,300000.0,Not Available,Delhi Govt,Not Available,Financial support,women,Encourage education,Girls,Delhi Ladli Scheme,student,Girls,female,25,Not Available,,middle,Delhi Ladli Scheme women Encourage education Financial support Girls
21,madhya pradesh,300000.0,Not Available,MP Govt,Not Available,Monthly aid,women,Women empowerment,Women,Mukhyamantri Ladli Behna Yojana,unemployed,Women,female,60,Not Available,youth,middle,Mukhyamantri Ladli Behna Yojana women Women empowerment Monthly aid Women
18,odisha,500000.0,Not Available,Odisha Govt,Not Available,Income support,farmer,Farming support,Farmers,KALIA Scheme,farmer,Farmers,all,70,Not Available,child,middle,KALIA Scheme farmer Farming support Income support Farmers
0,odisha,300000.0,Not Available,Odisha Govt,Not Available,Health insurance,health,Healthcare,Poor families,Biju Swasthya Kalyan Yojana,all,Poor Families,all,100,Not Available,,middle,Biju Swasthya Kalyan Yojana health Healthcare Health insurance Poor Families
0,karnataka,300000.0,Not Available,Karnataka Govt,Not Available,Health coverage,health,Healthcare,Residents,Arogya Karnataka,all,General Public,all,100,Not Available,,middle,Arogya Karnataka health Healthcare Health coverage General Public
18,karnataka,300000.0,Not Available,Karnataka Govt,Not Available,Monthly support,women,Financial aid,Women,Gruha Lakshmi Scheme,housewife,Women,female,60,Not Available,child,middle,Gruha Lakshmi Scheme women Financial aid Monthly support Women
0,maharashtra,300000.0,Not Available,Maharashtra Govt,Not Available,Health insurance,health,Healthcare,BPL,Mahatma Jyotiba Phule Scheme,all,Poor Families,all,100,Not Available,,middle,Mahatma Jyotiba Phule Scheme health Healthcare Health insurance Poor Families
0,rajasthan,300000.0,Not Available,Rajasthan Govt,Not Available,Financial aid,women,Girl support,Girl child,Rajshree Yojana,student,Women,female,25,Not Available,,middle,Rajshree Yojana women Girl support Financial aid Women
25,andhra pradesh,300000.0,Not Available,AP Govt,Not Available,Financial aid,student,Education support,Mothers of students,Amma Vodi,housewife,Women,female,50,Not Available,youth,middle,Amma Vodi student Education support Financial aid Women
13,west bengal,300000.0,Not Available,WB Govt,Not Available,Scholarship,women,Education support,Girls,Kanyashree Prakalpa,student,Women,female,25,Not Available,child,middle,Kanyashree Prakalpa women Education support Scholarship Women
0,bihar,300000.0,Not Available,Bihar Govt,Not Available,Financial support,women,Encourage education,Girls,Chief Minister Girl Child Scheme,student,Women,female,25,Not Available,,middle,Chief Minister Girl Child Scheme women Encourage education Financial support Women
18,tamil nadu,300000.0,Not Available,TN Govt,Not Available,Marriage assistance,women,Social welfare,Women,Tamil Nadu Marriage Scheme,unemployed,Women,female,40,Not Available,child,middle,Tamil Nadu Marriage Scheme women Social welfare Marriage assistance Women
0,madhya pradesh,300000.0,Not Available,MP Govt,Not Available,Financial aid,women,Empower girls,Girls,Ladli Laxmi Yojana,student,Women,female,25,Not Available,,middle,Ladli Laxmi Yojana women Empower girls Financial aid Women
16,madhya pradesh,300000.0,Not Available,MP Govt,Not Available,Scholarship,student,Merit support,Students,Mukhyamantri Medhavi Yojana,student,Students,all,25,Not Available,child,middle,Mukhyamantri Medhavi Yojana student Merit support Scholarship Students
16,madhya pradesh,300000.0,Not Available,MP Govt,Not Available,Scooty,student,Encourage girls,Top students,MP Free Scooty Scheme,student,Girls,female,25,Not Available,child,middle,MP Free Scooty Scheme student Encourage girls Scooty Girls
18,rajasthan,300000.0,Not Available,Rajasthan Govt,Not Available,Smartphone,digital,Digital empowerment,Women,Rajasthan Free Mobile Scheme,housewife,Women,female,60,Not Available,child,middle,Rajasthan Free Mobile Scheme digital Digital empowerment Smartphone Women
18,haryana,300000.0,Not Available,Haryana Govt,Not Available,Allowance,employment,Youth employment,Graduates,Haryana Saksham Yuva,unemployed,Youth,all,35,Not Available,child,middle,Haryana Saksham Yuva employment Youth employment Allowance Youth
18,punjab,300000.0,Not Available,Punjab Govt,Not Available,Marriage aid,women,Support marriage,Women,Punjab Shagun Scheme,unemployed,Women,female,40,Not Available,child,middle,Punjab Shagun Scheme women Support marriage Marriage aid Women
16,gujarat,300000.0,Not Available,Gujarat Govt,Not Available,Laptop subsidy,student,Digital support,Students,Gujarat Laptop Sahay Yojana,student,Students,all,25,Not Available,child,middle,Gujarat Laptop Sahay Yojana student Digital support Laptop subsidy Students
18,maharashtra,300000.0,Not Available,MH Govt,Not Available,Low-cost food,food,Affordable food,Poor,Maharashtra Shiv Bhojan Yojana,all,Poor Families,all,100,Not Available,child,middle,Maharashtra Shiv Bhojan Yojana food Affordable food Low-cost food Poor Families
0,kerala,300000.0,Not Available,Kerala Govt,Not Available,Medical aid,health,Healthcare,Poor,Kerala Karunya Scheme,all,Poor Families,all,100,Not Available,,middle,Kerala Karunya Scheme health Healthcare Medical aid Poor Families
18,assam,300000.0,Not Available,Assam Govt,Not Available,Monthly aid,women,Financial support,Women,Assam Orunodoi Scheme,housewife,Women,female,60,Not Available,child,middle,Assam Orunodoi Scheme women Financial support Monthly aid Women
18,jharkhand,300000.0,Not Available,Jharkhand Govt,Not Available,Employment,employment,Job support,Youth,Jharkhand Mukhyamantri Yojana,unemployed,Youth,all,35,Not Available,child,middle,Jharkhand Mukhyamantri Yojana employment Job support Employment Youth
18,chhattisgarh,500000.0,Not Available,CG Govt,Not Available,Income support,farmer,Farming support,Farmers,Chhattisgarh Rajiv Gandhi Nyay Yojana,farmer,Farmers,all,65,Not Available,child,middle,Chhattisgarh Rajiv Gandhi Nyay Yojana farmer Farming support Income support Farmers
18,telangana,500000.0,Not Available,Telangana Govt,Not Available,Investment support,farmer,Farming scheme,Farmers,Telangana Rythu Bandhu,farmer,Farmers,all,65,Not Available,child,middle,Telangana Rythu Bandhu farmer Farming scheme Investment support Farmers
18,tamil nadu,300000.0,Not Available,TN Govt,Not Available,Subsidized food,food,Food support,Urban poor,Tamil Nadu Amma Canteen,all,Poor Families,all,100,Not Available,child,middle,Tamil Nadu Amma Canteen food Food support Subsidized food Poor Families
0,west bengal,300000.0,Not Available,WB Govt,Not Available,Health insurance,health,Healthcare,Residents,West Bengal Swasthya Sathi,all,General Public,all,100,Not Available,,middle,West Bengal Swasthya Sathi health Healthcare Health insurance General Public
18,bihar,400000.0,Not Available,Bihar Govt,Not Available,Education loan,student,Higher education,Students,Bihar Student Credit Card Scheme,student,Students,all,30,Not Available,child,middle,Bihar Student Credit Card Scheme student Higher education Education loan Students
18,odisha,300000.0,Not Available,Odisha Govt,Not Available,SHG support,women,Empowerment,Women,Odisha Mission Shakti,worker,Women,female,60,Not Available,child,middle,Odisha Mission Shakti women Empowerment SHG support Women
18,uttar pradesh,300000.0,Not Available,UP Govt,Not Available,Women safety,women,Empowerment,Women,UP Mission Shakti,all,Women,female,60,Not Available,child,middle,UP Mission Shakti women Empowerment Women safety Women
18,delhi,300000.0,Not Available,Delhi Govt,Not Available,Skill training,skill,Skill development,Youth,Delhi Skill Mission,student,Youth,all,35,Not Available,child,middle,Delhi Skill Mission skill Skill development Skill training Youth
18,karnataka,300000.0,Not Available,Karnataka Govt,Not Available,Allowance,employment,Youth support,Graduates,Karnataka Yuva Nidhi,unemployed,Youth,all,35,Not Available,child,middle,Karnataka Yuva Nidhi employment Youth support Allowance Youth
18,all,800000.0,Not Available,Ministry of Social Justice & Empowerment,Not Available,Full/partial funding for foreign studies,student,Supports higher education abroad,SC/ST/OBC/EWS students with low income,National Overseas Scholarship,student,Students,all,35,Not Available,child,upper_middle,National Overseas Scholarship student Supports higher education abroad Full/partial funding for foreign studies Students
18,all,800000.0,Not Available,Ministry of Social Justice & Empowerment,Not Available,Interest subsidy on education loan,student,Supports overseas education loans,OBC/EWS students,Dr Ambedkar Scheme of Interest Subsidy on Educational Loans for Overseas Studies,student,Students,all,35,Not Available,child,upper_middle,Dr Ambedkar Scheme of Interest Subsidy on Educational Loans for Overseas Studies student Supports overseas education loans Interest subsidy on education loan Students
18,all,600000.0,Not Available,Ministry of Minority Affairs,Not Available,Interest subsidy for foreign studies loans,student,Promotes overseas education,Minority students,Padho Pardesh Scheme,student,Students,all,35,Not Available,child,upper_middle,Padho Pardesh Scheme student Promotes overseas education Interest subsidy for foreign studies loans Students
18,all,600000.0,Not Available,Ministry of Tribal Affairs,Not Available,Scholarship for foreign education,student,Supports tribal students abroad,ST students,National Overseas Scholarship for ST Students,student,Students,all,35,Not Available,child,upper_middle,National Overseas Scholarship for ST Students student Supports tribal students abroad Scholarship for foreign education Students
21,all,1000000.0,Not Available,Ministry of External Affairs / USIEF,Not Available,Full funding for study in USA,student,International exchange scholarship,Meritorious Indian students,Fulbright-Nehru Fellowship (India-US),student,Students,all,40,Not Available,youth,upper_middle,Fulbright-Nehru Fellowship (India-US) student International exchange scholarship Full funding for study in USA Students
21,all,1000000.0,Not Available,Ministry of Education / UK Govt,Not Available,Full scholarship in UK,student,Study in UK universities,Meritorious students,Commonwealth Scholarship (UK),student,Students,all,40,Not Available,youth,upper_middle,Commonwealth Scholarship (UK) student Study in UK universities Full scholarship in UK Students
21,all,1000000.0,Not Available,Private Foundation,Not Available,Full funding abroad,student,Supports higher studies abroad,Top rank students,Inlaks Shivdasani Foundation Scholarship,student,Students,all,35,Not Available,youth,upper_middle,Inlaks Shivdasani Foundation Scholarship student Supports higher studies abroad Full funding abroad Students
21,all,1000000.0,Not Available,Tata Trusts,Not Available,Loan scholarship,student,Supports foreign studies,Indian students,JN Tata Endowment Scholarship,student,Students,all,45,Not Available,youth,upper_middle,JN Tata Endowment Scholarship student Supports foreign studies Loan scholarship Students
21,all,1000000.0,Not Available,Mahindra Foundation,Not Available,Interest-free loan,student,Supports overseas education,Indian graduates,KC Mahindra Scholarship for Foreign Studies,student,Students,all,35,Not Available,youth,upper_middle,KC Mahindra Scholarship for Foreign Studies student Supports overseas education Interest-free loan Students
18,uttar pradesh,600000.0,Not Available,UP Govt,Not Available,Financial aid for abroad studies,student,Supports foreign education,UP students,Chief Minister Overseas Scholarship Scheme,student,Students,all,35,Not Available,child,upper_middle,Chief Minister Overseas Scholarship Scheme student Supports foreign education Financial aid for abroad studies Students
18,uttar pradesh,600000.0,Not Available,UP Govt,Not Available,Scholarship for SC/ST abroad,student,Foreign education support,SC/ST students UP,UP Dr Ambedkar Overseas Scholarship,student,Students,all,35,Not Available,child,upper_middle,UP Dr Ambedkar Overseas Scholarship student Foreign education support Scholarship for SC/ST abroad Students
18,rajasthan,800000.0,Not Available,Rajasthan Govt,Not Available,Funding for foreign education,student,Supports top students abroad,Rajasthan students,Rajiv Gandhi Scholarship for Academic Excellence,student,Students,all,35,Not Available,child,upper_middle,Rajiv Gandhi Scholarship for Academic Excellence student Supports top students abroad Funding for foreign education Students
18,west bengal,600000.0,Not Available,West Bengal Govt,Not Available,Scholarship for study abroad,student,Supports higher education abroad,WB students,Swami Vivekananda Merit-cum-Means Overseas Scholarship,student,Students,all,35,Not Available,child,upper_middle,Swami Vivekananda Merit-cum-Means Overseas Scholarship student Supports higher education abroad Scholarship for study abroad Students
18,madhya pradesh,600000.0,Not Available,MP Govt,Not Available,Financial support abroad,student,Foreign education support,MP students,Chief Minister Overseas Scholarship Scheme (MP),student,Students,all,35,Not Available,child,upper_middle,Chief Minister Overseas Scholarship Scheme (MP) student Foreign education support Financial support abroad Students
18,tamil nadu,600000.0,Not Available,TN Govt,Not Available,Scholarship for abroad study,student,Supports foreign education,TN students,Tamil Nadu Overseas Scholarship Scheme,student,Students,all,35,Not Available,child,upper_middle,Tamil Nadu Overseas Scholarship Scheme student Supports foreign education Scholarship for abroad study Students
18,karnataka,600000.0,Not Available,Karnataka Govt,Not Available,Scholarship for foreign studies,student,Supports overseas education,Karnataka students,Karnataka Overseas Scholarship Scheme,student,Students,all,35,Not Available,child,upper_middle,Karnataka Overseas Scholarship Scheme student Supports overseas education Scholarship for foreign studies Students
18,telangana,600000.0,Not Available,Telangana Govt,Not Available,Full funding abroad,student,Foreign education scheme,SC/ST/Minority students,Telangana Overseas Scholarship Scheme (Ambedkar),student,Students,all,35,Not Available,child,upper_middle,Telangana Overseas Scholarship Scheme (Ambedkar) student Foreign education scheme Full funding abroad Students
18,andhra pradesh,600000.0,Not Available,AP Govt,Not Available,Financial aid abroad,student,Supports overseas studies,AP students,Andhra Pradesh Overseas Scholarship Scheme,student,Students,all,35,Not Available,child,upper_middle,Andhra Pradesh Overseas Scholarship Scheme student Supports overseas studies Financial aid abroad Students
18,kerala,600000.0,Not Available,Kerala Govt,Not Available,Scholarship abroad,student,Supports higher education abroad,Kerala students,Kerala Overseas Scholarship Scheme,student,Students,all,35,Not Available,child,upper_middle,Kerala Overseas Scholarship Scheme student Supports higher education abroad Scholarship abroad Students
0,all,400000.0,Medium,Ministry of Women & Child Development,Government,As per official scheme guidelines,women,Government welfare scheme,As per government norms,Indira Mahila Shakti Udyam Protsahan Yojana,all,General Public,female,100,500000,,middle,Indira Mahila Shakti Udyam Protsahan Yojana women Government welfare scheme As per official scheme guidelines General Public
0,all,400000.0,Medium,Various Ministries,Government,As per official scheme guidelines,general,Government welfare scheme,As per government norms,Mukhyamantri Shramik Aujaar Sahayata Yojana,all,General Public,all,100,500000,,middle,Mukhyamantri Shramik Aujaar Sahayata Yojana general Government welfare scheme As per official scheme guidelines General Public
0,all,400000.0,Medium,Various Ministries,Government,As per official scheme guidelines,general,Government welfare scheme,As per government norms,Nirman Shramik Jeevan va Bhavishya Suraksha Yojana,all,General Public,all,100,500000,,middle,Nirman Shramik Jeevan va Bhavishya Suraksha Yojana general Government welfare scheme As per official scheme guidelines General Public
0,all,400000.0,Medium,Various Ministries,Government,As per official scheme guidelines,general,Government welfare scheme,As per government norms,Safai Karmakaar Ke Putr/Putri Hetu Vishesh Coaching Yojana,all,General Public,all,100,500000,,middle,Safai Karmakaar Ke Putr/Putri Hetu Vishesh Coaching Yojana general Government welfare scheme As per official scheme guidelines General Public
0,all,400000.0,Medium,Various Ministries,Government,As per official scheme guidelines,general,Government welfare scheme,As per government norms,"""Advance / High Skill Training"" Component of the ""Development of Industries"" Scheme",all,General Public,all,100,500000,,middle,"""Advance / High Skill Training"" Component of the ""Development of Industries"" Scheme general Government welfare scheme As per official scheme guidelines General Public"
0,all,400000.0,Medium,Various Ministries,Government,As per official scheme guidelines,general,Government welfare scheme,As per government norms,"""Advance/High Skill Training in Coir"" Component of the ""Development of Coir"" Scheme",all,General Public,all,100,500000,,middle,"""Advance/High Skill Training in Coir"" Component of the ""Development of Coir"" Scheme general Government welfare scheme As per official scheme guidelines General Public"
0,all,400000.0,Medium,Ministry of Health,Government,As per official scheme guidelines,health,Government welfare scheme,As per government norms,"""Annual Insurance Premium for Boat Owners"" under ""Financial Assistance for Availing Subsidy Components for the Development of Marine Fisheries""",all,General Public,all,100,500000,,middle,"""Annual Insurance Premium for Boat Owners"" under ""Financial Assistance for Availing Subsidy Components for the Development of Marine Fisheries"" health Government welfare scheme As per official scheme guidelines General Public"
0,all,400000.0,Medium,Ministry of Agriculture,Government,As per official scheme guidelines,farmer,Government welfare scheme,As per government norms,"""Input Assistance to Farmers for Taking up Fish Farming in Farm Ponds"" Component of the ""Mukhyamantri Maschyajibi Kalyan Yojana"" Scheme",farmer,General Public,all,100,500000,,middle,"""Input Assistance to Farmers for Taking up Fish Farming in Farm Ponds"" Component of the ""Mukhyamantri Maschyajibi Kalyan Yojana"" Scheme farmer Government welfare scheme As per official scheme guidelines General Public"
60,all,400000.0,Medium,Ministry of Rural Development,Government,As per official scheme guidelines,pension,Government welfare scheme,As per government norms,"""Monthly Grant To Old Crafts Persons (Pension)"" Component of the ""Development of Handicrafts"" Scheme",unemployed,General Public,all,100,500000,adult,middle,"""Monthly Grant To Old Crafts Persons (Pension)"" Component of the ""Development of Handicrafts"" Scheme pension Government welfare scheme As per official scheme guidelines General Public"
0,all,400000.0,Medium,Various Ministries,Government,As per official scheme guidelines,general,Government welfare scheme,As per government norms,"""Reactivation Of Fisheries Cooperative Societies"" Component of the ""Mukhyamantri Maschyajibi Kalyan Yojana"" Scheme",all,General Public,all,100,500000,,middle,"""Reactivation Of Fisheries Cooperative Societies"" Component of the ""Mukhyamantri Maschyajibi Kalyan Yojana"" Scheme general Government welfare scheme As per official scheme guidelines General Public"
0,all,400000.0,Medium,Various Ministries,Government,As per official scheme guidelines,general,Government welfare scheme,As per government norms,15 Days Skill Up-gradation Training,all,General Public,all,100,500000,,middle,15 Days Skill Up-gradation Training general Government welfare scheme As per official scheme guidelines General Public
0,all,400000.0,Medium,Various Ministries,Government,As per official scheme guidelines,general,Government welfare scheme,As per government norms,6 Varsh Se Adhik Aayu Ke Bahuviklang Aur Mansik Roop Se Aviksit Nisaktjan Ke Liye Sahayata Anudan Yojana,all,General Public,all,100,500000,,middle,6 Varsh Se Adhik Aayu Ke Bahuviklang Aur Mansik Roop Se Aviksit Nisaktjan Ke Liye Sahayata Anudan Yojana general Government welfare scheme As per official scheme guidelines General Public
60,all,400000.0,Medium,Ministry of Rural Development,Government,As per official scheme guidelines,pension,Government welfare scheme,As per government norms,AFFDF-Financial Assistance For Treatment Of Serious Diseases To Non Pensioner Ex-Servicemen (All Ranks)/Widows,unemployed,General Public,all,100,500000,adult,middle,AFFDF-Financial Assistance For Treatment Of Serious Diseases To Non Pensioner Ex-Servicemen (All Ranks)/Widows pension Government welfare scheme As per official scheme guidelines General Public
0,all,400000.0,High,Various Ministries,Government,As per official scheme guidelines,general,Government welfare scheme,As per government norms,AICTE-National Initiative for Training of Technical Teachers (for Inductee Teachers) Scheme,all,General Public,all,100,500000,,middle,AICTE-National Initiative for Training of Technical Teachers (for Inductee Teachers) Scheme general Government welfare scheme As per official scheme guidelines General Public
0,all,400000.0,Medium,Ministry of Education,Government,As per official scheme guidelines,student,Government welfare scheme,As per government norms,AICTE-Training programs for Physical Education Trainers/Sport-Games Teachers/Director of Sports,all,General Public,all,100,500000,,middle,AICTE-Training programs for Physical Education Trainers/Sport-Games Teachers/Director of Sports student Government welfare scheme As per official scheme guidelines General Public
0,all,400000.0,Medium,Various Ministries,Government,As per official scheme guidelines,general,Government welfare scheme,As per government norms,Aahar Anudan Yojana,all,General Public,all,100,500000,,middle,Aahar Anudan Yojana general Government welfare scheme As per official scheme guidelines General Public
0,all,400000.0,Medium,Various Ministries,Government,As per official scheme guidelines,general,Government welfare scheme,As per government norms,Aaloo Ke Kufri Chipsona-1 Prabhed Ke Kshetra Vistaar Yojana,all,General Public,all,100,500000,,middle,Aaloo Ke Kufri Chipsona-1 Prabhed Ke Kshetra Vistaar Yojana general Government welfare scheme As per official scheme guidelines General Public
0,all,400000.0,Medium,Various Ministries,Government,As per official scheme guidelines,general,Government welfare scheme,As per government norms,Aam Aadmi Bima Yojana,all,General Public,all,100,500000,,middle,Aam Aadmi Bima Yojana general Government welfare scheme As per official scheme guidelines General Public
0,all,400000.0,Medium,Various Ministries,Government,As per official scheme guidelines,general,Government welfare scheme,As per government norms,Aam Aadmi Bima Yojana (Maharashtra),all,General Public,all,100,500000,,middle,Aam Aadmi Bima Yojana (Maharashtra) general Government welfare scheme As per official scheme guidelines General Public
0,all,400000.0,Medium,Various Ministries,Government,As per official scheme guidelines,general,Government welfare scheme,As per government norms,Aapki Beti Yojana,all,General Public,all,100,500000,,middle,Aapki Beti Yojana general Government welfare scheme As per official scheme guidelines General Public
0,all,400000.0,Medium,Various Ministries,Government,As per official scheme guidelines,general,Government welfare scheme,As per government norms,Aastha Yojana,all,General Public,all,100,500000,,middle,Aastha Yojana general Government welfare scheme As per official scheme guidelines General Public
0,all,400000.0,Medium,Various Ministries,Government,As per official scheme guidelines,general,Government welfare scheme,As per government norms,Aaws Bhatta Sahayata Yojana,all,General Public,all,100,500000,,middle,Aaws Bhatta Sahayata Yojana general Government welfare scheme As per official scheme guidelines General Public
0,all,400000.0,High,Various Ministries,Government,As per official scheme guidelines,general,Government welfare scheme,As per government norms,Abdul Kalam Technology Innovation National Fellowship,all,General Public,all,100,500000,,middle,Abdul Kalam Technology Innovation National Fellowship general Government welfare scheme As per official scheme guidelines General Public
0,all,400000.0,Medium,Ministry of MSME,Government,As per official scheme guidelines,msme/startup,Government welfare scheme,As per government norms,Abhinandan Education Loan Subsidy Scheme,all,General Public,all,100,500000,,middle,Abhinandan Education Loan Subsidy Scheme msme/startup Government welfare scheme As per official scheme guidelines General Public
0,all,400000.0,Medium,Various Ministries,Government,As per official scheme guidelines,general,Government welfare scheme,As per government norms,Abua Awas Yojana,all,General Public,all,100,500000,,middle,Abua Awas Yojana general Government welfare scheme As per official scheme guidelines General Public
0,all,400000.0,Medium,Ministry of Education,Government,As per official scheme guidelines,student,Government welfare scheme,As per government norms,Academic Education (JKBOCWWB),all,General Public,all,100,500000,,middle,Academic Education (JKBOCWWB) student Government welfare scheme As per official scheme guidelines General Public
0,all,400000.0,Medium,Various Ministries,Government,As per official scheme guidelines,general,Government welfare scheme,As per government norms,Acharya Vidyasagar Gau Samvardhan Yojana,all,General Public,all,100,500000,,middle,Acharya Vidyasagar Gau Samvardhan Yojana general Government welfare scheme As per official scheme guidelines General Public
60,all,400000.0,Medium,Ministry of Rural Development,Government,As per official scheme guidelines,pension,Government welfare scheme,As per government norms,Additional Pension to 100% Disabled Ex-Serviceman having Children,unemployed,General Public,all,100,500000,adult,middle,Additional Pension to 100% Disabled Ex-Serviceman having Children pension Government welfare scheme As per official scheme guidelines General Public
60,all,400000.0,Medium,Ministry of Rural Development,Government,As per official scheme guidelines,pension,Government welfare scheme,As per government norms,Additional Pension to 100% Disabled Ex-Serviceman having No Child,unemployed,General Public,all,100,500000,adult,middle,Additional Pension to 100% Disabled Ex-Serviceman having No Child pension Government welfare scheme As per official scheme guidelines General Public
60,all,400000.0,Medium,Ministry of Rural Development,Government,As per official scheme guidelines,pension,Government welfare scheme,As per government norms,Additional Pension to Widow of Ex-Serviceman having Children,unemployed,General Public,all,100,500000,adult,middle,Additional Pension to Widow of Ex-Serviceman having Children pension Government welfare scheme As per official scheme guidelines General Public
60,all,400000.0,Medium,Ministry of Rural Development,Government,As per official scheme guidelines,pension,Government welfare scheme,As per government norms,Additional Pension to Widow of Ex-Serviceman having No Child,unemployed,General Public,all,100,500000,adult,middle,Additional Pension to Widow of Ex-Serviceman having No Child pension Government welfare scheme As per official scheme guidelines General Public
0,all,400000.0,Medium,Ministry of Education,Government,As per official scheme guidelines,student,Government welfare scheme,As per government norms,Adi Dravidar and Tribal Welfare Department: Scholarship-Free Education upto 12th Std. to All,student,General Public,all,100,500000,,middle,Adi Dravidar and Tribal Welfare Department: Scholarship-Free Education upto 12th Std. to All student Government welfare scheme As per official scheme guidelines General Public
0,all,400000.0,Medium,Various Ministries,Government,As per official scheme guidelines,general,Government welfare scheme,As per government norms,"Adivasi Sanskriti Evam Kala Kendra/Majhi Bhavan, Manki Munda Bhavan, Parha Bhavan, Pargana Bhavan, Dumkuria Bhavan Evam Gosade Nirman Tatha Majhi Than Shed Nirman Yojana",all,General Public,all,100,500000,,middle,"Adivasi Sanskriti Evam Kala Kendra/Majhi Bhavan, Manki Munda Bhavan, Parha Bhavan, Pargana Bhavan, Dumkuria Bhavan Evam Gosade Nirman Tatha Majhi Than Shed Nirman Yojana general Government welfare scheme As per official scheme guidelines General Public"
0,all,400000.0,Medium,Various Ministries,Government,As per official scheme guidelines,general,Government welfare scheme,As per government norms,Admission in Post Matric Hostel,all,General Public,all,100,500000,,middle,Admission in Post Matric Hostel general Government welfare scheme As per official scheme guidelines General Public
0,all,400000.0,Medium,Various Ministries,Government,As per official scheme guidelines,general,Government welfare scheme,As per government norms,Admission of Adi Dravidar/Tribal Students in Plus One at Reputed Schools,student,General Public,all,100,500000,,middle,Admission of Adi Dravidar/Tribal Students in Plus One at Reputed Schools general Government welfare scheme As per official scheme guidelines General Public
0,all,400000.0,Medium,Various Ministries,Government,As per official scheme guidelines,general,Government welfare scheme,As per government norms,Agnipath Yojana,all,General Public,all,100,500000,,middle,Agnipath Yojana general Government welfare scheme As per official scheme guidelines General Public
0,all,400000.0,Medium,Ministry of Agriculture,Government,As per official scheme guidelines,farmer,Government welfare scheme,As per government norms,Agricultural Skill Development Training Programme For Women Farmers And Farmers,farmer,General Public,female,100,500000,,middle,Agricultural Skill Development Training Programme For Women Farmers And Farmers farmer Government welfare scheme As per official scheme guidelines General Public
0,all,400000.0,Medium,Ministry of Agriculture,Government,As per official scheme guidelines,farmer,Government welfare scheme,As per government norms,Agriculture And Processed Foods Export Promotion Scheme Of APEDA For The 15th Finance Commission Cycle (2021-22 To 2025-26),all,General Public,all,100,500000,,middle,Agriculture And Processed Foods Export Promotion Scheme Of APEDA For The 15th Finance Commission Cycle (2021-22 To 2025-26) farmer Government welfare scheme As per official scheme guidelines General Public
0,all,400000.0,Medium,Various Ministries,Government,As per official scheme guidelines,general,Government welfare scheme,As per government norms,Akanksha Housing Scheme,all,General Public,all,100,500000,,middle,Akanksha Housing Scheme general Government welfare scheme As per official scheme guidelines General Public
0,all,400000.0,Medium,Various Ministries,Government,As per official scheme guidelines,general,Government welfare scheme,As per government norms,Alpasankhyak Post-Maitrik Chhaatravrtti Yojana,all,General Public,all,100,500000,,middle,Alpasankhyak Post-Maitrik Chhaatravrtti Yojana general Government welfare scheme As per official scheme guidelines General Public
0,all,400000.0,Medium,Various Ministries,Government,As per official scheme guidelines,general,Government welfare scheme,As per government norms,Alpsankhyak Merit-Cum-Means Chatravriti Yojana,all,General Public,all,100,500000,,middle,Alpsankhyak Merit-Cum-Means Chatravriti Yojana general Government welfare scheme As per official scheme guidelines General Public
0,all,400000.0,Medium,Ministry of Women & Child Development,Government,As per official scheme guidelines,women,Government welfare scheme,As per government norms,Alpsankhyak Muslim Parityaqta/Talaqshuda Mahila Sahayata Yojana,all,General Public,female,100,500000,,middle,Alpsankhyak Muslim Parityaqta/Talaqshuda Mahila Sahayata Yojana women Government welfare scheme As per official scheme guidelines General Public
0,all,400000.0,Medium,Ministry of Health,Government,As per official scheme guidelines,health,Government welfare scheme,As per government norms,Andaman & Nicobar Islands Scheme for Health Insurance,all,General Public,all,100,500000,,middle,Andaman & Nicobar Islands Scheme for Health Insurance health Government welfare scheme As per official scheme guidelines General Public
60,all,400000.0,Medium,Ministry of Rural Development,Government,As per official scheme guidelines,pension,Government welfare scheme,As per government norms,Annath Pension Yojana (JBOCWWB),unemployed,General Public,all,100,500000,adult,middle,Annath Pension Yojana (JBOCWWB) pension Government welfare scheme As per official scheme guidelines General Public
0,all,400000.0,Medium,Various Ministries,Government,As per official scheme guidelines,general,Government welfare scheme,As per government norms,Antarjatiye Vivah Protsahan Anudan Yojana,all,General Public,all,100,500000,,middle,Antarjatiye Vivah Protsahan Anudan Yojana general Government welfare scheme As per official scheme guidelines General Public
0,all,400000.0,Medium,Various Ministries,Government,As per official scheme guidelines,general,Government welfare scheme,As per government norms,Antayoshti Sahayata Yojana,all,General Public,all,100,500000,,middle,Antayoshti Sahayata Yojana general Government welfare scheme As per official scheme guidelines General Public
0,all,400000.0,Medium,Various Ministries,Government,As per official scheme guidelines,general,Government welfare scheme,As per government norms,Antheyesthi Anudan Yojana,all,General Public,all,100,500000,,middle,Antheyesthi Anudan Yojana general Government welfare scheme As per official scheme guidelines General Public
0,all,400000.0,Medium,Various Ministries,Government,As per official scheme guidelines,general,Government welfare scheme,As per government norms,Antim Sans‍kar Yojana ​,all,General Public,all,100,500000,,middle,Antim Sans‍kar Yojana ​ general Government welfare scheme As per official scheme guidelines General Public
0,all,400000.0,Medium,Various Ministries,Government,As per official scheme guidelines,general,Government welfare scheme,As per government norms,Antya Sanskar Sahay Yojana,all,General Public,all,100,500000,,middle,Antya Sanskar Sahay Yojana general Government welfare scheme As per official scheme guidelines General Public
0,all,400000.0,Medium,Ministry of MSME,Government,As per official scheme guidelines,msme/startup,Government welfare scheme,As per government norms,Arivu Education Loan Scheme,all,General Public,all,100,500000,,middle,Arivu Education Loan Scheme msme/startup Government welfare scheme As per official scheme guidelines General Public
0,all,400000.0,Medium,Various Ministries,Government,As per official scheme guidelines,general,Government welfare scheme,As per government norms,Asangathit Karmakaar Mrtyu Evan Divyaang Sahaayata Yojana,all,General Public,all,100,500000,,middle,Asangathit Karmakaar Mrtyu Evan Divyaang Sahaayata Yojana general Government welfare scheme As per official scheme guidelines General Public
0,all,400000.0,Medium,Various Ministries,Government,As per official scheme guidelines,general,Government welfare scheme,As per government norms,Asangathit Karmakaar Silai Machine Sahayata Yojana,all,General Public,all,100,500000,,middle,Asangathit Karmakaar Silai Machine Sahayata Yojana general Government welfare scheme As per official scheme guidelines General Public
0,all,400000.0,Medium,Various Ministries,Government,As per official scheme guidelines,general,Government welfare scheme,As per government norms,Asangathit Karmakar Gambhir Bimari Chikitsa Sahayata Yojana,all,General Public,all,100,500000,,middle,Asangathit Karmakar Gambhir Bimari Chikitsa Sahayata Yojana general Government welfare scheme As per official scheme guidelines General Public
0,all,400000.0,Medium,Various Ministries,Government,As per official scheme guidelines,general,Government welfare scheme,As per government norms,Asangathit Karmakar Ke Bachcho Hetu Chhatravriti Yojana,all,General Public,all,100,500000,,middle,Asangathit Karmakar Ke Bachcho Hetu Chhatravriti Yojana general Government welfare scheme As per official scheme guidelines General Public
0,all,400000.0,Medium,Various Ministries,Government,As per official scheme guidelines,general,Government welfare scheme,As per government norms,Asangathit Karmakar Prasuti Sahayata Yojana,all,General Public,all,100,500000,,middle,Asangathit Karmakar Prasuti Sahayata Yojana general Government welfare scheme As per official scheme guidelines General Public
0,all,400000.0,Medium,Various Ministries,Government,As per official scheme guidelines,general,Government welfare scheme,As per government norms,Asangathit Karmakar Samachar-Patr Hawker Cycle Sahayata Yojana,all,General Public,all,100,500000,,middle,Asangathit Karmakar Samachar-Patr Hawker Cycle Sahayata Yojana general Government welfare scheme As per official scheme guidelines General Public
0,all,400000.0,Medium,Ministry of MSME,Government,As per official scheme guidelines,msme/startup,Government welfare scheme,As per government norms,Assam Abhinandan Education Loan Subsidy Scheme,all,General Public,all,100,500000,,middle,Assam Abhinandan Education Loan Subsidy Scheme msme/startup Government welfare scheme As per official scheme guidelines General Public
0,all,400000.0,Medium,Various Ministries,Government,As per official scheme guidelines,general,Government welfare scheme,As per government norms,Atal Asra Yojana,all,General Public,all,100,500000,,middle,Atal Asra Yojana general Government welfare scheme As per official scheme guidelines General Public
0,all,400000.0,Medium,Various Ministries,Government,As per official scheme guidelines,general,Government welfare scheme,As per government norms,Atal Awasiya Vidyala Yojana,all,General Public,all,100,500000,,middle,Atal Awasiya Vidyala Yojana general Government welfare scheme As per official scheme guidelines General Public
0,all,400000.0,Medium,Various Ministries,Government,As per official scheme guidelines,general,Government welfare scheme,As per government norms,Atal Beemit Vyakti Kalyan Yojana,all,General Public,all,100,500000,,middle,Atal Beemit Vyakti Kalyan Yojana general Government welfare scheme As per official scheme guidelines General Public
0,all,400000.0,Medium,Various Ministries,Government,As per official scheme guidelines,general,Government welfare scheme,As per government norms,Atal Graha Jyoti Yojana,all,General Public,all,100,500000,,middle,Atal Graha Jyoti Yojana general Government welfare scheme As per official scheme guidelines General Public
0,all,400000.0,Medium,Various Ministries,Government,As per official scheme guidelines,general,Government welfare scheme,As per government norms,Atal Mission For Rejuvenation And Urban Transformation,all,General Public,all,100,500000,,middle,Atal Mission For Rejuvenation And Urban Transformation general Government welfare scheme As per official scheme guidelines General Public
60,all,400000.0,Medium,Ministry of Rural Development,Government,As per official scheme guidelines,pension,Government welfare scheme,As per government norms,Atal Pension Yojana,unemployed,General Public,all,100,500000,adult,middle,Atal Pension Yojana pension Government welfare scheme As per official scheme guidelines General Public
0,all,400000.0,Medium,Various Ministries,Government,As per official scheme guidelines,general,Government welfare scheme,As per government norms,Atal Sneh Yojana,all,General Public,all,100,500000,,middle,Atal Sneh Yojana general Government welfare scheme As per official scheme guidelines General Public
0,all,400000.0,Medium,Various Ministries,Government,As per official scheme guidelines,general,Government welfare scheme,As per government norms,Atma Nirbhar Bagwani Yojana,all,General Public,all,100,500000,,middle,Atma Nirbhar Bagwani Yojana general Government welfare scheme As per official scheme guidelines General Public
0,all,400000.0,Medium,Various Ministries,Government,As per official scheme guidelines,general,Government welfare scheme,As per government norms,Atma Nirbhar Krishi Yojana,all,General Public,all,100,500000,,middle,Atma Nirbhar Krishi Yojana general Government welfare scheme As per official scheme guidelines General Public
0,all,400000.0,Medium,Various Ministries,Government,As per official scheme guidelines,general,Government welfare scheme,As per government norms,"Award for Success in State Public Service Commission, Union Public Service Commission Examination (MPBOCWWB)",all,General Public,all,100,500000,,middle,"Award for Success in State Public Service Commission, Union Public Service Commission Examination (MPBOCWWB) general Government welfare scheme As per official scheme guidelines General Public"
0,all,400000.0,Medium,Ministry of Education,Government,As per official scheme guidelines,student,Government welfare scheme,As per government norms,Award of Attendance Scholarship to Girl Students in the Middle Stage of Education,student,General Public,all,100,500000,,middle,Award of Attendance Scholarship to Girl Students in the Middle Stage of Education student Government welfare scheme As per official scheme guidelines General Public
0,all,400000.0,High,Ministry of Education,Government,As per official scheme guidelines,student,Government welfare scheme,As per government norms,Award of Scholarship to the Children who are Recipients of National Child Award for Exceptional Achievements and Other National / International Merit Awards,student,General Public,all,100,500000,,middle,Award of Scholarship to the Children who are Recipients of National Child Award for Exceptional Achievements and Other National / International Merit Awards student Government welfare scheme As per official scheme guidelines General Public
0,all,400000.0,Medium,Various Ministries,Government,As per official scheme guidelines,general,Government welfare scheme,As per government norms,Awasiya Vidyala Yojana,all,General Public,all,100,500000,,middle,Awasiya Vidyala Yojana general Government welfare scheme As per official scheme guidelines General Public
0,all,400000.0,High,Ministry of Health,Government,As per official scheme guidelines,health,Government welfare scheme,As per government norms,Ayushman Bharat - Pradhan Mantri Jan Arogya Yojana,all,General Public,all,100,300000,,middle,Ayushman Bharat - Pradhan Mantri Jan Arogya Yojana health Government welfare scheme As per official scheme guidelines General Public
0,all,400000.0,Medium,Ministry of Education,Government,As per official scheme guidelines,student,Government welfare scheme,As per government norms,BPL (Below Poverty Line) Student Welfare Scholarship - Technical Education,student,General Public,all,100,500000,,middle,BPL (Below Poverty Line) Student Welfare Scholarship - Technical Education student Government welfare scheme As per official scheme guidelines General Public
0,all,400000.0,Medium,Various Ministries,Government,As per official scheme guidelines,general,Government welfare scheme,As per government norms,Bakri Palan Yojana,all,General Public,all,100,500000,,middle,Bakri Palan Yojana general Government welfare scheme As per official scheme guidelines General Public
0,all,400000.0,Medium,Various Ministries,Government,As per official scheme guidelines,general,Government welfare scheme,As per government norms,Bal Sakha Yojana,all,General Public,all,100,500000,,middle,Bal Sakha Yojana general Government welfare scheme As per official scheme guidelines General Public
0,all,400000.0,Medium,Various Ministries,Government,As per official scheme guidelines,general,Government welfare scheme,As per government norms,Balika Samrithi Yojana,all,General Public,all,100,500000,,middle,Balika Samrithi Yojana general Government welfare scheme As per official scheme guidelines General Public
0,all,400000.0,Medium,Various Ministries,Government,As per official scheme guidelines,general,Government welfare scheme,As per government norms,Banglar Awaas Yojana (BAY),all,General Public,all,100,500000,,middle,Banglar Awaas Yojana (BAY) general Government welfare scheme As per official scheme guidelines General Public
0,all,400000.0,Medium,Various Ministries,Government,As per official scheme guidelines,general,Government welfare scheme,As per government norms,Baristha Nagarika Tirtha Yatra Yojana,all,General Public,all,100,500000,,middle,Baristha Nagarika Tirtha Yatra Yojana general Government welfare scheme As per official scheme guidelines General Public
0,all,400000.0,Medium,Various Ministries,Government,As per official scheme guidelines,general,Government welfare scheme,As per government norms,Beej Masaale Ki Yojana,all,General Public,all,100,500000,,middle,Beej Masaale Ki Yojana general Government welfare scheme As per official scheme guidelines General Public
0,all,400000.0,Medium,Various Ministries,Government,As per official scheme guidelines,general,Government welfare scheme,As per government norms,Beti Hai Anmol Yojana,all,General Public,all,100,500000,,middle,Beti Hai Anmol Yojana general Government welfare scheme As per official scheme guidelines General Public
0,all,400000.0,Medium,Ministry of Education,Government,As per official scheme guidelines,student,Government welfare scheme,As per government norms,Bharati Scheme for Education - 1st Class to 5th Class,all,General Public,all,100,500000,,middle,Bharati Scheme for Education - 1st Class to 5th Class student Government welfare scheme As per official scheme guidelines General Public
0,all,400000.0,Medium,Ministry of Education,Government,As per official scheme guidelines,student,Government welfare scheme,As per government norms,Bharati Scheme for Education - 6th Class to 10th Class,all,General Public,all,100,500000,,middle,Bharati Scheme for Education - 6th Class to 10th Class student Government welfare scheme As per official scheme guidelines General Public
0,all,400000.0,Medium,Ministry of Education,Government,As per official scheme guidelines,student,Government welfare scheme,As per government norms,Bharati Scheme for Education - Graduation,all,General Public,all,100,500000,,middle,Bharati Scheme for Education - Graduation student Government welfare scheme As per official scheme guidelines General Public
0,all,400000.0,Medium,Ministry of Education,Government,As per official scheme guidelines,student,Government welfare scheme,As per government norms,Bharati Scheme for Education - Intermediate or Equivalent,all,General Public,all,100,500000,,middle,Bharati Scheme for Education - Intermediate or Equivalent student Government welfare scheme As per official scheme guidelines General Public
0,all,400000.0,Medium,Ministry of Education,Government,As per official scheme guidelines,student,Government welfare scheme,As per government norms,Bharati Scheme for Education - Post-Graduation,all,General Public,all,100,500000,,middle,Bharati Scheme for Education - Post-Graduation student Government welfare scheme As per official scheme guidelines General Public
0,all,400000.0,Medium,Ministry of Education,Government,As per official scheme guidelines,student,Government welfare scheme,As per government norms,Bharati Scheme for Education - Professional Education Course,all,General Public,all,100,500000,,middle,Bharati Scheme for Education - Professional Education Course student Government welfare scheme As per official scheme guidelines General Public
0,all,400000.0,Medium,Ministry of Education,Government,As per official scheme guidelines,student,Government welfare scheme,As per government norms,Bharati Scheme for Education Professional Education Course - Chartered Accountancy Final,all,General Public,all,100,500000,,middle,Bharati Scheme for Education Professional Education Course - Chartered Accountancy Final student Government welfare scheme As per official scheme guidelines General Public
0,all,400000.0,Medium,Ministry of Education,Government,As per official scheme guidelines,student,Government welfare scheme,As per government norms,Bharati Scheme for Education Professional Education Course - Chartered Accountancy Intern,all,General Public,all,100,500000,,middle,Bharati Scheme for Education Professional Education Course - Chartered Accountancy Intern student Government welfare scheme As per official scheme guidelines General Public
0,all,400000.0,Medium,Various Ministries,Government,As per official scheme guidelines,general,Government welfare scheme,As per government norms,Bhavantar Bharpai Yojana,all,General Public,all,100,500000,,middle,Bhavantar Bharpai Yojana general Government welfare scheme As per official scheme guidelines General Public
0,all,400000.0,Medium,Various Ministries,Government,As per official scheme guidelines,general,Government welfare scheme,As per government norms,Bhed Palan Yojana,all,General Public,all,100,500000,,middle,Bhed Palan Yojana general Government welfare scheme As per official scheme guidelines General Public
0,all,400000.0,Medium,Various Ministries,Government,As per official scheme guidelines,general,Government welfare scheme,As per government norms,Bhraman - Darshan Yojana,all,General Public,all,100,500000,,middle,Bhraman - Darshan Yojana general Government welfare scheme As per official scheme guidelines General Public
60,all,400000.0,Medium,Ministry of Rural Development,Government,As per official scheme guidelines,pension,Government welfare scheme,As per government norms,Bihar Disability Pension Scheme,unemployed,General Public,all,100,500000,adult,middle,Bihar Disability Pension Scheme pension Government welfare scheme As per official scheme guidelines General Public
0,all,400000.0,Medium,Various Ministries,Government,As per official scheme guidelines,general,Government welfare scheme,As per government norms,Bihar Shatabdi AIDS Pirit Kalyan Yojana,all,General Public,all,100,500000,,middle,Bihar Shatabdi AIDS Pirit Kalyan Yojana general Government welfare scheme As per official scheme guidelines General Public
0,all,400000.0,Medium,Various Ministries,Government,As per official scheme guidelines,general,Government welfare scheme,As per government norms,Bihar Shatabdi Asangathit Karyakshetra Kamagaar Evan Shilpakar Samajik Suraksha Yojana: Accidental Death,all,General Public,all,100,500000,,middle,Bihar Shatabdi Asangathit Karyakshetra Kamagaar Evan Shilpakar Samajik Suraksha Yojana: Accidental Death general Government welfare scheme As per official scheme guidelines General Public
0,all,400000.0,Medium,Various Ministries,Government,As per official scheme guidelines,general,Government welfare scheme,As per government norms,Bihar Shatabdi Asangathit Karyakshetra Kamagaar Evan Shilpakar Samajik Suraksha Yojana: Accidental Injuries,all,General Public,all,100,500000,,middle,Bihar Shatabdi Asangathit Karyakshetra Kamagaar Evan Shilpakar Samajik Suraksha Yojana: Accidental Injuries general Government welfare scheme As per official scheme guidelines General Public
0,all,400000.0,Medium,Various Ministries,Government,As per official scheme guidelines,general,Government welfare scheme,As per government norms,Bihar Shatabdi Asangathit Karyakshetra Kamagaar Evan Shilpakar Samajik Suraksha Yojana: Medical Assistance for Incurable Diseases,all,General Public,all,100,500000,,middle,Bihar Shatabdi Asangathit Karyakshetra Kamagaar Evan Shilpakar Samajik Suraksha Yojana: Medical Assistance for Incurable Diseases general Government welfare scheme As per official scheme guidelines General Public
0,all,400000.0,Medium,Various Ministries,Government,As per official scheme guidelines,general,Government welfare scheme,As per government norms,Bihar Shatabdi Asangathit Karyakshetra Kamagaar Evan Shilpakar Samajik Suraksha Yojana: Natural Death,all,General Public,all,100,500000,,middle,Bihar Shatabdi Asangathit Karyakshetra Kamagaar Evan Shilpakar Samajik Suraksha Yojana: Natural Death general Government welfare scheme As per official scheme guidelines General Public
0,all,400000.0,Medium,Various Ministries,Government,As per official scheme guidelines,general,Government welfare scheme,As per government norms,Bihar Shatabdi Asangathit Karyakshetra Kamagaar Evan Shilpakar Samajik Suraksha Yojana: Permanent Partial Disability,all,General Public,all,100,500000,,middle,Bihar Shatabdi Asangathit Karyakshetra Kamagaar Evan Shilpakar Samajik Suraksha Yojana: Permanent Partial Disability general Government welfare scheme As per official scheme guidelines General Public
0,all,400000.0,Medium,Various Ministries,Government,As per official scheme guidelines,general,Government welfare scheme,As per government norms,Bihar Shatabdi Asangathit Karyakshetra Kamagaar Evan Shilpakar Samajik Suraksha Yojana: Total Permanent Disability,all,General Public,all,100,500000,,middle,Bihar Shatabdi Asangathit Karyakshetra Kamagaar Evan Shilpakar Samajik Suraksha Yojana: Total Permanent Disability general Government welfare scheme As per official scheme guidelines General Public
0,all,400000.0,Medium,Ministry of MSME,Government,As per official scheme guidelines,msme/startup,Government welfare scheme,As per government norms,Bihar Startup Policy,all,General Public,all,100,500000,,middle,Bihar Startup Policy msme/startup Government welfare scheme As per official scheme guidelines General Public
0,all,400000.0,Medium,Various Ministries,Government,As per official scheme guidelines,general,Government welfare scheme,As per government norms,Bihar State Alpsankhyak Awasiya Vidyalaya Yojana,all,General Public,all,100,500000,,middle,Bihar State Alpsankhyak Awasiya Vidyalaya Yojana general Government welfare scheme As per official scheme guidelines General Public
0,all,400000.0,Medium,Ministry of Health,Government,As per official scheme guidelines,health,Government welfare scheme,As per government norms,Bihar State Journalist Insurance Scheme,all,General Public,all,100,500000,,middle,Bihar State Journalist Insurance Scheme health Government welfare scheme As per official scheme guidelines General Public
0,all,400000.0,Medium,Various Ministries,Government,As per official scheme guidelines,general,Government welfare scheme,As per government norms,Biju Pucca Ghar Yojana,all,General Public,all,100,500000,,middle,Biju Pucca Ghar Yojana general Government welfare scheme As per official scheme guidelines General Public
0,all,400000.0,Medium,Various Ministries,Government,As per official scheme guidelines,general,Government welfare scheme,As per government norms,Biju Swasthya Kalyan Yojana,all,General Public,all,100,500000,,middle,Biju Swasthya Kalyan Yojana general Government welfare scheme As per official scheme guidelines General Public
0,all,400000.0,Medium,Various Ministries,Government,As per official scheme guidelines,general,Government welfare scheme,As per government norms,Biju Yuva Sashaktikaran Yojana,all,General Public,all,100,500000,,middle,Biju Yuva Sashaktikaran Yojana general Government welfare scheme As per official scheme guidelines General Public
0,all,400000.0,Medium,Various Ministries,Government,As per official scheme guidelines,general,Government welfare scheme,As per government norms,Bima Yojana - Direct Benefit to Artisan,all,General Public,all,100,500000,,middle,Bima Yojana - Direct Benefit to Artisan general Government welfare scheme As per official scheme guidelines General Public
0,all,400000.0,Medium,Various Ministries,Government,As per official scheme guidelines,general,Government welfare scheme,As per government norms,Bina Mulya Samajik Suraksha Yojana,all,General Public,all,100,500000,,middle,Bina Mulya Samajik Suraksha Yojana general Government welfare scheme As per official scheme guidelines General Public
0,all,400000.0,Medium,Various Ministries,Government,As per official scheme guidelines,general,Government welfare scheme,As per government norms,Birsa Awas Nirman Yojana,all,General Public,all,100,500000,,middle,Birsa Awas Nirman Yojana general Government welfare scheme As per official scheme guidelines General Public
0,all,400000.0,Medium,Various Ministries,Government,As per official scheme guidelines,general,Government welfare scheme,As per government norms,Birsa Harit Gram Yojana,all,General Public,all,100,500000,,middle,Birsa Harit Gram Yojana general Government welfare scheme As per official scheme guidelines General Public
0,all,400000.0,Medium,Various Ministries,Government,As per official scheme guidelines,general,Government welfare scheme,As per government norms,Block Level Institute for Rural Skill Acquisition (BIRSA),all,General Public,all,100,500000,,middle,Block Level Institute for Rural Skill Acquisition (BIRSA) general Government welfare scheme As per official scheme guidelines General Public
0,all,400000.0,Medium,Various Ministries,Government,As per official scheme guidelines,general,Government welfare scheme,As per government norms,Bunkar Parivar Ke Pratibhavan Chatra-Chatraon Ko Protsahan Puraskar Yojana,all,General Public,all,100,500000,,middle,Bunkar Parivar Ke Pratibhavan Chatra-Chatraon Ko Protsahan Puraskar Yojana general Government welfare scheme As per official scheme guidelines General Public
0,all,400000.0,Medium,Various Ministries,Government,As per official scheme guidelines,general,Government welfare scheme,As per government norms,Bunkar Parivar Sahayata Yojana,all,General Public,all,100,500000,,middle,Bunkar Parivar Sahayata Yojana general Government welfare scheme As per official scheme guidelines General Public
0,all,400000.0,Medium,Various Ministries,Government,As per official scheme guidelines,general,Government welfare scheme,As per government norms,Capacity Building For Service Providers - Skill Testing & Certification,all,General Public,all,100,500000,,middle,Capacity Building For Service Providers - Skill Testing & Certification general Government welfare scheme As per official scheme guidelines General Public
0,all,400000.0,High,Various Ministries,Government,As per official scheme guidelines,general,Government welfare scheme,As per government norms,Central Sector Scheme of National Fellowship for Providing Fellowship to Scheduled Caste Students to Pursue M.Phil. & PhD,student,General Public,all,100,500000,,middle,Central Sector Scheme of National Fellowship for Providing Fellowship to Scheduled Caste Students to Pursue M.Phil. & PhD general Government welfare scheme As per official scheme guidelines General Public
0,all,400000.0,Medium,Various Ministries,Government,As per official scheme guidelines,general,Government welfare scheme,As per government norms,Central Vigilance Commission (CVC) Internship Scheme,all,General Public,all,100,500000,,middle,Central Vigilance Commission (CVC) Internship Scheme general Government welfare scheme As per official scheme guidelines General Public
0,all,400000.0,Medium,Various Ministries,Government,As per official scheme guidelines,general,Government welfare scheme,As per government norms,Chai Vikas Yojana,all,General Public,all,100,500000,,middle,Chai Vikas Yojana general Government welfare scheme As per official scheme guidelines General Public
0,all,400000.0,Medium,Various Ministries,Government,As per official scheme guidelines,general,Government welfare scheme,As per government norms,Chhattisgarh Mukhyamantri Kanya Vivah Yojana,all,General Public,all,100,500000,,middle,Chhattisgarh Mukhyamantri Kanya Vivah Yojana general Government welfare scheme As per official scheme guidelines General Public
0,all,400000.0,Medium,Various Ministries,Government,As per official scheme guidelines,general,Government welfare scheme,As per government norms,Chief Minister Arogya Arunachal Yojana,all,General Public,all,100,500000,,middle,Chief Minister Arogya Arunachal Yojana general Government welfare scheme As per official scheme guidelines General Public
0,all,400000.0,Medium,Various Ministries,Government,As per official scheme guidelines,general,Government welfare scheme,As per government norms,Chief Minister BC & EBC Chhatravas Anudan Yojana,all,General Public,all,100,500000,,middle,Chief Minister BC & EBC Chhatravas Anudan Yojana general Government welfare scheme As per official scheme guidelines General Public
0,all,400000.0,Medium,Various Ministries,Government,As per official scheme guidelines,general,Government welfare scheme,As per government norms,Chief Minister EBC Civil Seva Protsahan Yojana,all,General Public,all,100,500000,,middle,Chief Minister EBC Civil Seva Protsahan Yojana general Government welfare scheme As per official scheme guidelines General Public
60,all,400000.0,Medium,Ministry of Rural Development,Government,As per official scheme guidelines,pension,Government welfare scheme,As per government norms,Chief Minister Ekal Nari Samman Pension Yojana,unemployed,General Public,all,100,500000,adult,middle,Chief Minister Ekal Nari Samman Pension Yojana pension Government welfare scheme As per official scheme guidelines General Public
0,all,400000.0,Medium,Various Ministries,Government,As per official scheme guidelines,general,Government welfare scheme,As per government norms,Chief Minister Floriculture Mission,all,General Public,all,100,500000,,middle,Chief Minister Floriculture Mission general Government welfare scheme As per official scheme guidelines General Public
0,all,400000.0,Medium,Ministry of Education,Government,As per official scheme guidelines,student,Government welfare scheme,As per government norms,Chief Minister Higher Education Encouragement Scholarship Scheme,student,General Public,all,100,500000,,middle,Chief Minister Higher Education Encouragement Scholarship Scheme student Government welfare scheme As per official scheme guidelines General Public
0,all,400000.0,Medium,Ministry of Education,Government,As per official scheme guidelines,student,Government welfare scheme,As per government norms,Chief Minister Higher Education Scholarship Scheme,student,General Public,all,100,500000,,middle,Chief Minister Higher Education Scholarship Scheme student Government welfare scheme As per official scheme guidelines General Public
0,all,400000.0,Medium,Various Ministries,Government,As per official scheme guidelines,general,Government welfare scheme,As per government norms,Chief Minister Housing Assistance Programme,all,General Public,all,100,500000,,middle,Chief Minister Housing Assistance Programme general Government welfare scheme As per official scheme guidelines General Public
0,all,400000.0,Medium,Various Ministries,Government,As per official scheme guidelines,general,Government welfare scheme,As per government norms,Chief Minister Kanya Utthan Yojana,all,General Public,all,100,500000,,middle,Chief Minister Kanya Utthan Yojana general Government welfare scheme As per official scheme guidelines General Public
0,all,400000.0,Medium,Various Ministries,Government,As per official scheme guidelines,general,Government welfare scheme,As per government norms,Chief Minister Ladli Behna Yojana,all,General Public,all,100,500000,,middle,Chief Minister Ladli Behna Yojana general Government welfare scheme As per official scheme guidelines General Public
0,all,400000.0,Medium,Various Ministries,Government,As per official scheme guidelines,general,Government welfare scheme,As per government norms,Chief Minister Nari Shakti Yojana,all,General Public,all,100,500000,,middle,Chief Minister Nari Shakti Yojana general Government welfare scheme As per official scheme guidelines General Public
60,all,400000.0,Medium,Ministry of Rural Development,Government,As per official scheme guidelines,pension,Government welfare scheme,As per government norms,Chief Minister Pension Scheme,unemployed,General Public,all,100,500000,adult,middle,Chief Minister Pension Scheme pension Government welfare scheme As per official scheme guidelines General Public
0,all,400000.0,Medium,Various Ministries,Government,As per official scheme guidelines,general,Government welfare scheme,As per government norms,Chief Minister Samagra Gramya Unnayan Yojana,all,General Public,all,100,500000,,middle,Chief Minister Samagra Gramya Unnayan Yojana general Government welfare scheme As per official scheme guidelines General Public
60,all,400000.0,Medium,Ministry of Rural Development,Government,As per official scheme guidelines,pension,Government welfare scheme,As per government norms,Chief Minister Specially Abled Samman Pension Scheme,unemployed,General Public,all,100,500000,adult,middle,Chief Minister Specially Abled Samman Pension Scheme pension Government welfare scheme As per official scheme guidelines General Public
0,all,400000.0,Medium,Various Ministries,Government,As per official scheme guidelines,general,Government welfare scheme,As per government norms,Chief Minister's Building and Other Construction Workers Housing (Rural) Scheme,all,General Public,all,100,500000,,middle,Chief Minister's Building and Other Construction Workers Housing (Rural) Scheme general Government welfare scheme As per official scheme guidelines General Public
0,all,400000.0,Medium,Various Ministries,Government,As per official scheme guidelines,general,Government welfare scheme,As per government norms,Chief Minister's Building and Other Construction Workers Urban Housing Scheme (MPBOCWWB),all,General Public,all,100,500000,,middle,Chief Minister's Building and Other Construction Workers Urban Housing Scheme (MPBOCWWB) general Government welfare scheme As per official scheme guidelines General Public
0,all,400000.0,Medium,Ministry of Health,Government,As per official scheme guidelines,health,Government welfare scheme,As per government norms,Chief Minister's Comprehensive Health Insurance Scheme,all,General Public,all,100,500000,,middle,Chief Minister's Comprehensive Health Insurance Scheme health Government welfare scheme As per official scheme guidelines General Public
0,all,400000.0,Medium,Various Ministries,Government,As per official scheme guidelines,general,Government welfare scheme,As per government norms,Chief Minister's Jeevan Jyoti Swaniyojan Yojana,all,General Public,all,100,500000,,middle,Chief Minister's Jeevan Jyoti Swaniyojan Yojana general Government welfare scheme As per official scheme guidelines General Public
0,all,400000.0,Medium,Various Ministries,Government,As per official scheme guidelines,general,Government welfare scheme,As per government norms,Chief Minister's Krishi Rinn Yojana,all,General Public,all,100,500000,,middle,Chief Minister's Krishi Rinn Yojana general Government welfare scheme As per official scheme guidelines General Public
60,all,400000.0,Medium,Ministry of Rural Development,Government,As per official scheme guidelines,pension,Government welfare scheme,As per government norms,Chief Minister's State Disability Pension Scheme - Sikkim,unemployed,General Public,all,100,500000,adult,middle,Chief Minister's State Disability Pension Scheme - Sikkim pension Government welfare scheme As per official scheme guidelines General Public
60,all,400000.0,Medium,Ministry of Rural Development,Government,As per official scheme guidelines,pension,Government welfare scheme,As per government norms,Chief Ministergi Artistesinggi Tengbang (CMAT) – Artiste’s Pension,unemployed,General Public,all,100,500000,adult,middle,Chief Ministergi Artistesinggi Tengbang (CMAT) – Artiste’s Pension pension Government welfare scheme As per official scheme guidelines General Public
0,all,400000.0,High,Various Ministries,Government,As per official scheme guidelines,general,Government welfare scheme,As per government norms,Chief Ministergi Artistesinggi Tengbang (CMAT) – Scheme Of Festival Assistance For Participating In International & National Festival,all,General Public,all,100,500000,,middle,Chief Ministergi Artistesinggi Tengbang (CMAT) – Scheme Of Festival Assistance For Participating In International & National Festival general Government welfare scheme As per official scheme guidelines General Public
0,all,400000.0,Medium,Ministry of Health,Government,As per official scheme guidelines,health,Government welfare scheme,As per government norms,Chief Minister’s Comprehensive Health Insurance Scheme - Tamil Nadu,all,General Public,all,100,500000,,middle,Chief Minister’s Comprehensive Health Insurance Scheme - Tamil Nadu health Government welfare scheme As per official scheme guidelines General Public
0,all,400000.0,Medium,Ministry of Health,Government,As per official scheme guidelines,health,Government welfare scheme,As per government norms,Chief Minister’s Health Insurance Scheme - Nagaland,all,General Public,all,100,500000,,middle,Chief Minister’s Health Insurance Scheme - Nagaland health Government welfare scheme As per official scheme guidelines General Public
0,all,400000.0,Medium,Various Ministries,Government,As per official scheme guidelines,general,Government welfare scheme,As per government norms,Chief Minister’s Krishi Samuh Yojana,all,General Public,all,100,500000,,middle,Chief Minister’s Krishi Samuh Yojana general Government welfare scheme As per official scheme guidelines General Public
0,all,400000.0,Medium,Various Ministries,Government,As per official scheme guidelines,general,Government welfare scheme,As per government norms,Chief Minister’s Paryatan Siksha Yojana,all,General Public,all,100,500000,,middle,Chief Minister’s Paryatan Siksha Yojana general Government welfare scheme As per official scheme guidelines General Public
0,all,400000.0,Medium,Various Ministries,Government,As per official scheme guidelines,general,Government welfare scheme,As per government norms,Chief Minister’s Paryatan Vikas Yojana,all,General Public,all,100,500000,,middle,Chief Minister’s Paryatan Vikas Yojana general Government welfare scheme As per official scheme guidelines General Public
0,all,400000.0,Medium,Ministry of Agriculture,Government,As per official scheme guidelines,farmer,Government welfare scheme,As per government norms,Chief Minister’s Shasakt Kisan Yojana,farmer,General Public,all,100,500000,,middle,Chief Minister’s Shasakt Kisan Yojana farmer Government welfare scheme As per official scheme guidelines General Public
0,all,400000.0,Medium,Ministry of MSME,Government,As per official scheme guidelines,msme/startup,Government welfare scheme,As per government norms,Chief Minister’s Startup/innovation Projects/new Industries,all,General Public,all,100,500000,,middle,Chief Minister’s Startup/innovation Projects/new Industries msme/startup Government welfare scheme As per official scheme guidelines General Public
0,all,400000.0,Medium,Various Ministries,Government,As per official scheme guidelines,general,Government welfare scheme,As per government norms,Chief Minister’s Yuva Kaushal Yojana,all,General Public,all,100,500000,,middle,Chief Minister’s Yuva Kaushal Yojana general Government welfare scheme As per official scheme guidelines General Public
0,all,400000.0,Medium,Various Ministries,Government,As per official scheme guidelines,general,Government welfare scheme,As per government norms,Chikitsa Pratipoorti Yojana,all,General Public,all,100,500000,,middle,Chikitsa Pratipoorti Yojana general Government welfare scheme As per official scheme guidelines General Public
0,all,400000.0,Medium,Various Ministries,Government,As per official scheme guidelines,general,Government welfare scheme,As per government norms,Chikitsa Sahayata Yojana,all,General Public,all,100,500000,,middle,Chikitsa Sahayata Yojana general Government welfare scheme As per official scheme guidelines General Public
0,all,400000.0,Medium,Ministry of Education,Government,As per official scheme guidelines,student,Government welfare scheme,As per government norms,Children Education Allowance,all,General Public,all,100,500000,,middle,Children Education Allowance student Government welfare scheme As per official scheme guidelines General Public
0,all,400000.0,Medium,Ministry of Education,Government,As per official scheme guidelines,student,Government welfare scheme,As per government norms,Children Education Assistance Fund,all,General Public,all,100,500000,,middle,Children Education Assistance Fund student Government welfare scheme As per official scheme guidelines General Public
0,all,400000.0,Medium,Various Ministries,Government,As per official scheme guidelines,general,Government welfare scheme,As per government norms,Cluster Mei Bagwani Ki Yojana,all,General Public,all,100,500000,,middle,Cluster Mei Bagwani Ki Yojana general Government welfare scheme As per official scheme guidelines General Public
0,all,400000.0,Medium,Various Ministries,Government,As per official scheme guidelines,general,Government welfare scheme,As per government norms,Cluster Mei Bagwani Ki Yojana-II,all,General Public,all,100,500000,,middle,Cluster Mei Bagwani Ki Yojana-II general Government welfare scheme As per official scheme guidelines General Public
0,all,400000.0,Medium,Ministry of Health,Government,As per official scheme guidelines,health,Government welfare scheme,As per government norms,Coconut Palm Insurance Scheme,all,General Public,all,100,500000,,middle,Coconut Palm Insurance Scheme health Government welfare scheme As per official scheme guidelines General Public
0,all,400000.0,Medium,Various Ministries,Government,As per official scheme guidelines,general,Government welfare scheme,As per government norms,Coir Udyami Yojana,all,General Public,all,100,500000,,middle,Coir Udyami Yojana general Government welfare scheme As per official scheme guidelines General Public
0,all,400000.0,Medium,Various Ministries,Government,As per official scheme guidelines,general,Government welfare scheme,As per government norms,Coir Vikas Yojana- Coir Industry Technology Upgradation Scheme,all,General Public,all,100,500000,,middle,Coir Vikas Yojana- Coir Industry Technology Upgradation Scheme general Government welfare scheme As per official scheme guidelines General Public
0,all,400000.0,Medium,Various Ministries,Government,As per official scheme guidelines,general,Government welfare scheme,As per government norms,Coir Vikas Yojana- Export Market Promotion Scheme,all,General Public,all,100,500000,,middle,Coir Vikas Yojana- Export Market Promotion Scheme general Government welfare scheme As per official scheme guidelines General Public
0,all,400000.0,Medium,Ministry of Women & Child Development,Government,As per official scheme guidelines,women,Government welfare scheme,As per government norms,Coir Vikas Yojana-Skill Upgradation and Mahila Coir Yojana,all,General Public,female,100,500000,,middle,Coir Vikas Yojana-Skill Upgradation and Mahila Coir Yojana women Government welfare scheme As per official scheme guidelines General Public
0,all,400000.0,Medium,Ministry of MSME,Government,As per official scheme guidelines,msme/startup,Government welfare scheme,As per government norms,Comprehensive Educational Loan Scheme - Sikkim,all,General Public,all,100,500000,,middle,Comprehensive Educational Loan Scheme - Sikkim msme/startup Government welfare scheme As per official scheme guidelines General Public
0,all,400000.0,Medium,Ministry of Education,Government,As per official scheme guidelines,student,Government welfare scheme,As per government norms,Consolidated Stipend Scheme for Scheduled Caste Students Pursuing Higher Education,student,General Public,all,100,500000,,middle,Consolidated Stipend Scheme for Scheduled Caste Students Pursuing Higher Education student Government welfare scheme As per official scheme guidelines General Public
60,all,400000.0,Medium,Ministry of Rural Development,Government,As per official scheme guidelines,pension,Government welfare scheme,As per government norms,Continuation of Pension (K.B.O.C.W.W.B),unemployed,General Public,all,100,500000,adult,middle,Continuation of Pension (K.B.O.C.W.W.B) pension Government welfare scheme As per official scheme guidelines General Public
0,all,400000.0,Medium,Various Ministries,Government,As per official scheme guidelines,general,Government welfare scheme,As per government norms,Credit Based Schemes For SC - Aajeevika Micro-Finance Yojana (Livelihood Microfinance Scheme),all,General Public,all,100,500000,,middle,Credit Based Schemes For SC - Aajeevika Micro-Finance Yojana (Livelihood Microfinance Scheme) general Government welfare scheme As per official scheme guidelines General Public
0,all,400000.0,Medium,Various Ministries,Government,As per official scheme guidelines,general,Government welfare scheme,As per government norms,Cycle Anudaan Yojana,all,General Public,all,100,500000,,middle,Cycle Anudaan Yojana general Government welfare scheme As per official scheme guidelines General Public
0,all,400000.0,Medium,Various Ministries,Government,As per official scheme guidelines,general,Government welfare scheme,As per government norms,Cycle Sahayata Yojana,all,General Public,all,100,500000,,middle,Cycle Sahayata Yojana general Government welfare scheme As per official scheme guidelines General Public
0,all,400000.0,Medium,Various Ministries,Government,As per official scheme guidelines,general,Government welfare scheme,As per government norms,Dattopant Thengadi Mratak Shramik Aarthik Sahayata Yojana,all,General Public,all,100,500000,,middle,Dattopant Thengadi Mratak Shramik Aarthik Sahayata Yojana general Government welfare scheme As per official scheme guidelines General Public
0,all,400000.0,Medium,Ministry of Education,Government,As per official scheme guidelines,student,Government welfare scheme,As per government norms,Dayanand Bandodkar Scheme For Higher Education For Orphans,all,General Public,all,100,500000,,middle,Dayanand Bandodkar Scheme For Higher Education For Orphans student Government welfare scheme As per official scheme guidelines General Public
60,all,400000.0,Medium,Ministry of Rural Development,Government,As per official scheme guidelines,pension,Government welfare scheme,As per government norms,Deen Dayal Divyangjan Pension Scheme - Assam,unemployed,General Public,all,100,500000,adult,middle,Deen Dayal Divyangjan Pension Scheme - Assam pension Government welfare scheme As per official scheme guidelines General Public
0,all,400000.0,Medium,Ministry of Education,Government,As per official scheme guidelines,student,Government welfare scheme,As per government norms,Deen Dayal SPARSH Yojana (Scholarship For Promotion Of Aptitude & Research In Stamps As A Hobby),student,General Public,all,100,500000,,middle,Deen Dayal SPARSH Yojana (Scholarship For Promotion Of Aptitude & Research In Stamps As A Hobby) student Government welfare scheme As per official scheme guidelines General Public
0,all,400000.0,Medium,Various Ministries,Government,As per official scheme guidelines,general,Government welfare scheme,As per government norms,Deen Dayal Swasthya Seva Yojana,all,General Public,all,100,500000,,middle,Deen Dayal Swasthya Seva Yojana general Government welfare scheme As per official scheme guidelines General Public
0,all,400000.0,Medium,Various Ministries,Government,As per official scheme guidelines,general,Government welfare scheme,As per government norms,Deen Dayal Upadhyay Grameen Kaushalya Yojana,all,General Public,all,100,500000,,middle,Deen Dayal Upadhyay Grameen Kaushalya Yojana general Government welfare scheme As per official scheme guidelines General Public
0,all,400000.0,Medium,Various Ministries,Government,As per official scheme guidelines,general,Government welfare scheme,As per government norms,Deen Dayal Upadhyay Kaushal Kendra (DDUKK)- Mega Skill Centre,all,General Public,all,100,500000,,middle,Deen Dayal Upadhyay Kaushal Kendra (DDUKK)- Mega Skill Centre general Government welfare scheme As per official scheme guidelines General Public
0,all,400000.0,Medium,Various Ministries,Government,As per official scheme guidelines,general,Government welfare scheme,As per government norms,Deen Dayal Upadhyaya Antyodaya Parivar Suraksha Yojana (DAYALU),all,General Public,all,100,500000,,middle,Deen Dayal Upadhyaya Antyodaya Parivar Suraksha Yojana (DAYALU) general Government welfare scheme As per official scheme guidelines General Public
0,all,400000.0,Medium,Various Ministries,Government,As per official scheme guidelines,general,Government welfare scheme,As per government norms,Deen Dayal Upadhyaya Antyodaya Parivar Suraksha Yojana (DAYALU-II),all,General Public,all,100,500000,,middle,Deen Dayal Upadhyaya Antyodaya Parivar Suraksha Yojana (DAYALU-II) general Government welfare scheme As per official scheme guidelines General Public
0,all,400000.0,Medium,Various Ministries,Government,As per official scheme guidelines,general,Government welfare scheme,As per government norms,Deen Dayal Upadhyaya Bunkar Yojana,all,General Public,all,100,500000,,middle,Deen Dayal Upadhyaya Bunkar Yojana general Government welfare scheme As per official scheme guidelines General Public
0,all,400000.0,High,Various Ministries,Government,As per official scheme guidelines,general,Government welfare scheme,As per government norms,Deendayal Antyodaya Yojana - National Rural Livelihoods Mission,all,General Public,all,100,500000,,middle,Deendayal Antyodaya Yojana - National Rural Livelihoods Mission general Government welfare scheme As per official scheme guidelines General Public
60,all,400000.0,Medium,Ministry of Rural Development,Government,As per official scheme guidelines,pension,Government welfare scheme,As per government norms,Delhi Pension Scheme To Women In Distress (Widow Pension),unemployed,General Public,female,100,500000,adult,middle,Delhi Pension Scheme To Women In Distress (Widow Pension) pension Government welfare scheme As per official scheme guidelines General Public
60,all,400000.0,Medium,Ministry of Rural Development,Government,As per official scheme guidelines,pension,Government welfare scheme,As per government norms,Dependent Children Pension Scheme - Punjab,unemployed,General Public,all,100,500000,adult,middle,Dependent Children Pension Scheme - Punjab pension Government welfare scheme As per official scheme guidelines General Public
60,all,400000.0,Medium,Ministry of Agriculture,Government,As per official scheme guidelines,farmer,Government welfare scheme,As per government norms,Destitute Agricultural Labourers Pension Scheme,unemployed,General Public,all,100,500000,adult,middle,Destitute Agricultural Labourers Pension Scheme farmer Government welfare scheme As per official scheme guidelines General Public
60,all,400000.0,Medium,Ministry of Rural Development,Government,As per official scheme guidelines,pension,Government welfare scheme,As per government norms,Destitute Differently Abled Pension Scheme,unemployed,General Public,all,100,500000,adult,middle,Destitute Differently Abled Pension Scheme pension Government welfare scheme As per official scheme guidelines General Public
60,all,400000.0,Medium,Ministry of Rural Development,Government,As per official scheme guidelines,pension,Government welfare scheme,As per government norms,Destitute Widow Pension Scheme,unemployed,General Public,all,100,500000,adult,middle,Destitute Widow Pension Scheme pension Government welfare scheme As per official scheme guidelines General Public
60,all,400000.0,Medium,Ministry of Rural Development,Government,As per official scheme guidelines,pension,Government welfare scheme,As per government norms,Destitute/Deserted Wives Pension Scheme,unemployed,General Public,all,100,500000,adult,middle,Destitute/Deserted Wives Pension Scheme pension Government welfare scheme As per official scheme guidelines General Public
0,all,400000.0,Medium,Various Ministries,Government,As per official scheme guidelines,general,Government welfare scheme,As per government norms,Devnarayan Gurukul Yojana,all,General Public,all,100,500000,,middle,Devnarayan Gurukul Yojana general Government welfare scheme As per official scheme guidelines General Public
0,all,400000.0,Medium,Various Ministries,Government,As per official scheme guidelines,general,Government welfare scheme,As per government norms,Devnarayan Pratibhawan Chhatra Protsahan Yojana,all,General Public,all,100,500000,,middle,Devnarayan Pratibhawan Chhatra Protsahan Yojana general Government welfare scheme As per official scheme guidelines General Public
0,all,400000.0,Medium,Various Ministries,Government,As per official scheme guidelines,general,Government welfare scheme,As per government norms,Dhanvantari Arogya Rath Yojana (GBOCWWB),all,General Public,all,100,500000,,middle,Dhanvantari Arogya Rath Yojana (GBOCWWB) general Government welfare scheme As per official scheme guidelines General Public
0,all,400000.0,Medium,Various Ministries,Government,As per official scheme guidelines,general,Government welfare scheme,As per government norms,Dhobhi Hetu Avashyak Upkaran Sahayata Yojana,all,General Public,all,100,500000,,middle,Dhobhi Hetu Avashyak Upkaran Sahayata Yojana general Government welfare scheme As per official scheme guidelines General Public
60,all,400000.0,Medium,Ministry of Rural Development,Government,As per official scheme guidelines,pension,Government welfare scheme,As per government norms,Differently Abled Pension Scheme,unemployed,General Public,all,100,500000,adult,middle,Differently Abled Pension Scheme pension Government welfare scheme As per official scheme guidelines General Public
60,all,400000.0,Medium,Ministry of Rural Development,Government,As per official scheme guidelines,pension,Government welfare scheme,As per government norms,Disability Pension (A.B.O.C.W.W.B),unemployed,General Public,all,100,500000,adult,middle,Disability Pension (A.B.O.C.W.W.B) pension Government welfare scheme As per official scheme guidelines General Public
60,all,400000.0,Medium,Ministry of Rural Development,Government,As per official scheme guidelines,pension,Government welfare scheme,As per government norms,Disability Pension (BBOCWWB),unemployed,General Public,all,100,500000,adult,middle,Disability Pension (BBOCWWB) pension Government welfare scheme As per official scheme guidelines General Public
60,all,400000.0,Medium,Ministry of Rural Development,Government,As per official scheme guidelines,pension,Government welfare scheme,As per government norms,Disability Pension (GBOCWWB),unemployed,General Public,all,100,500000,adult,middle,Disability Pension (GBOCWWB) pension Government welfare scheme As per official scheme guidelines General Public
60,all,400000.0,Medium,Ministry of Rural Development,Government,As per official scheme guidelines,pension,Government welfare scheme,As per government norms,Disability Pension (HPBOCWWB),unemployed,General Public,all,100,500000,adult,middle,Disability Pension (HPBOCWWB) pension Government welfare scheme As per official scheme guidelines General Public
60,all,400000.0,Medium,Ministry of Rural Development,Government,As per official scheme guidelines,pension,Government welfare scheme,As per government norms,Disability Pension (MBOCWWB),unemployed,General Public,all,100,500000,adult,middle,Disability Pension (MBOCWWB) pension Government welfare scheme As per official scheme guidelines General Public
60,all,400000.0,Medium,Ministry of Rural Development,Government,As per official scheme guidelines,pension,Government welfare scheme,As per government norms,Disability Pension - West Bengal,unemployed,General Public,all,100,500000,adult,middle,Disability Pension - West Bengal pension Government welfare scheme As per official scheme guidelines General Public
60,all,400000.0,Medium,Ministry of Rural Development,Government,As per official scheme guidelines,pension,Government welfare scheme,As per government norms,Disability Pension For Registered Worker (HBOCWWB),unemployed,General Public,all,100,500000,adult,middle,Disability Pension For Registered Worker (HBOCWWB) pension Government welfare scheme As per official scheme guidelines General Public
60,all,400000.0,Medium,Ministry of Rural Development,Government,As per official scheme guidelines,pension,Government welfare scheme,As per government norms,Disability Pension and Ex-Gratia (K.B.O.C.W.W.B),unemployed,General Public,all,100,500000,adult,middle,Disability Pension and Ex-Gratia (K.B.O.C.W.W.B) pension Government welfare scheme As per official scheme guidelines General Public
60,all,400000.0,Medium,Ministry of Rural Development,Government,As per official scheme guidelines,pension,Government welfare scheme,As per government norms,Disability Pension for the Construction Workers,unemployed,General Public,all,100,500000,adult,middle,Disability Pension for the Construction Workers pension Government welfare scheme As per official scheme guidelines General Public
60,all,400000.0,Medium,Ministry of Rural Development,Government,As per official scheme guidelines,pension,Government welfare scheme,As per government norms,Disabled Person Pension Scheme - Punjab,unemployed,General Public,all,100,500000,adult,middle,Disabled Person Pension Scheme - Punjab pension Government welfare scheme As per official scheme guidelines General Public
0,all,400000.0,Medium,Ministry of Education,Government,As per official scheme guidelines,student,Government welfare scheme,As per government norms,Distance Education Scheme for Girls,all,General Public,all,100,500000,,middle,Distance Education Scheme for Girls student Government welfare scheme As per official scheme guidelines General Public
0,all,400000.0,Medium,Ministry of Education,Government,As per official scheme guidelines,student,Government welfare scheme,As per government norms,"Distance Education Scholarship–Scholarship For Disabled Students Pursuing Degree, PG Courses",student,General Public,all,100,500000,,middle,"Distance Education Scholarship–Scholarship For Disabled Students Pursuing Degree, PG Courses student Government welfare scheme As per official scheme guidelines General Public"
0,all,400000.0,Medium,Ministry of Health,Government,As per official scheme guidelines,health,Government welfare scheme,As per government norms,Distribution of Soil Health Card,all,General Public,all,100,500000,,middle,Distribution of Soil Health Card health Government welfare scheme As per official scheme guidelines General Public
0,all,400000.0,Medium,Ministry of MSME,Government,As per official scheme guidelines,msme/startup,Government welfare scheme,As per government norms,"District Central Cooperative Banks and through its Branches: For Housing, House Construction, Repair Extension Loan",all,General Public,all,100,500000,,middle,"District Central Cooperative Banks and through its Branches: For Housing, House Construction, Repair Extension Loan msme/startup Government welfare scheme As per official scheme guidelines General Public"
60,all,400000.0,Medium,Ministry of Rural Development,Government,As per official scheme guidelines,pension,Government welfare scheme,As per government norms,Divyang Pension Scheme,unemployed,General Public,all,100,500000,adult,middle,Divyang Pension Scheme pension Government welfare scheme As per official scheme guidelines General Public
