ministry,scheme_type,family_income_max,priority,category,age_max,description,scheme_name,income_max,target_group,occupation,state,age_min,eligibility,benefits,gender
Ministry of Finance,Not Available,Not Available,Not Available,Financial Inclusion,100,Financial inclusion,Pradhan Mantri Jan Dhan Yojana,1000000,General Public,All,All,10,Unbanked citizens,Bank account + insurance,All
Ministry of Health,Not Available,Not Available,Not Available,Health,100,Healthcare scheme,Ayushman Bharat PM-JAY,300000,Poor Families,All,All,0,BPL families,₹5 lakh insurance,All
Ministry of Agriculture,Not Available,Not Available,Not Available,Farmer,70,Income support,PM Kisan Samman Nidhi,600000,Farmers,Farmer,Rural,18,Farmers,₹6000/year,All
Ministry of Agriculture,Not Available,Not Available,Not Available,Farmer,70,Crop protection,PM Fasal Bima Yojana,1000000,Farmers,Farmer,Rural,18,Farmers,Crop insurance,All
Ministry of Housing,Not Available,Not Available,Not Available,Housing,70,Affordable housing,PM Awas Yojana,600000,Poor Families,All,All,18,EWS/LIG,House subsidy,All
Ministry of Women,Not Available,Not Available,Not Available,Women,25,Promote girls education,Beti Bachao Beti Padhao,500000,Girls,Student,All,0,Girl child,Education support,Female
Ministry of Finance,Not Available,Not Available,Not Available,Pension,40,Retirement support,Atal Pension Yojana,500000,Workers,Worker,All,18,Workers 18-40,Pension,All
Ministry of Finance,Not Available,Not Available,Not Available,Startup,65,Business support,PM Mudra Yojana,1000000,Entrepreneurs,Business,All,18,Small business,Loan up to 10L,All
Ministry of Finance,Not Available,Not Available,Not Available,Startup,65,Business promotion,Stand Up India,1000000,Women/SC/ST,Business,All,18,SC/ST/Women,Loan for SC/ST/Women,All
MeitY,Not Available,Not Available,Not Available,Digital,100,Digital empowerment,Digital India,1000000,General Public,All,All,10,All citizens,Digital services,All
Petroleum Ministry,Not Available,Not Available,Not Available,Women,60,Clean fuel,PM Ujjwala Yojana,200000,Women,Housewife,Rural,18,BPL women,Free LPG,Female
Housing Ministry,Not Available,Not Available,Not Available,Startup,60,Vendor support,PM SVANidhi,300000,Urban Poor,Vendor,Urban,18,Street vendors,Loan for vendors,All
Rural Ministry,Not Available,Not Available,Not Available,Rural Development,60,Livelihood,DAY-NRLM,300000,Rural Poor,Worker,Rural,18,Rural poor,SHG support,All
Housing Ministry,Not Available,Not Available,Not Available,Urban Development,60,Urban jobs,DAY-NULM,300000,Urban Poor,Worker,Urban,18,Urban poor,Skill + loan,All
Rural Ministry,Not Available,Not Available,Not Available,Social Welfare,100,Social security,NSAP,300000,Elderly,Unemployed,All,60,BPL elderly,Pension,All
Finance Ministry,Not Available,Not Available,Not Available,Insurance,50,Life insurance,PMJJBY,1000000,General Public,All,All,18,18-50,₹2L insurance,All
Finance Ministry,Not Available,Not Available,Not Available,Insurance,70,Accident insurance,PMSBY,1000000,General Public,All,All,18,18-70,₹2L accident,All
Skill Ministry,Not Available,Not Available,Not Available,Skill,35,Skill dev,Skill India,500000,Youth,Student,All,18,Youth,Training,All
DPIIT,Not Available,Not Available,Not Available,Startup,65,Startup support,Startup India,1000000,Entrepreneurs,Business,All,18,Startups,Tax benefits,All
Commerce Ministry,Not Available,Not Available,Not Available,Manufacturing,65,Manufacturing,Make in India,1000000,Business,Business,All,18,Businesses,Industrial support,All
Renewable Ministry,Not Available,Not Available,Not Available,Energy,65,Solar scheme,PM KUSUM,800000,Farmers,Farmer,Rural,18,Farmers,Solar pumps,All
Fisheries Ministry,Not Available,Not Available,Not Available,Fisheries,60,Fisheries growth,PM Matsya Sampada,600000,Fishermen,Fisherman,Coastal,18,Fish farmers,Fisher support,All
Education Ministry,Not Available,Not Available,Not Available,Student,15,Nutrition,Mid Day Meal,300000,Students,Student,All,5,School students,Free meals,All
Education Ministry,Not Available,Not Available,Not Available,Student,30,Education support,National Scholarship Portal,400000,Students,Student,All,10,Students,Scholarships,All
UP Govt,Not Available,Not Available,Not Available,Women,25,Support girls,Mukhyamantri Kanya Sumangala,300000,Women,Student,Uttar Pradesh,0,Girl child,Financial aid,Female
UP Govt,Not Available,Not Available,Not Available,Student,25,Digital support,UP Free Laptop Scheme,300000,Students,Student,Uttar Pradesh,16,Students,Laptop,All
UP Govt,Not Available,Not Available,Not Available,Employment,35,Support unemployed,UP बेरोजगारी भत्ता,300000,Youth,Unemployed,Uttar Pradesh,18,Unemployed youth,Allowance,All
UP Govt,Not Available,Not Available,Not Available,Women,100,Support women,Rani Lakshmi Bai Pension,200000,Women,Unemployed,Uttar Pradesh,40,Women,Pension,Female
UP Govt,Not Available,Not Available,Not Available,Farmer,70,Debt relief,UP किसान ऋण मोचन,500000,Farmers,Farmer,Uttar Pradesh,18,Farmers,Loan waiver,All
Delhi Govt,Not Available,Not Available,Not Available,Subsidy,100,Utility subsidy,Delhi Free Electricity Scheme,500000,General Public,All,Delhi,18,Residents,Free electricity,All
Delhi Govt,Not Available,Not Available,Not Available,Women,25,Encourage education,Delhi Ladli Scheme,300000,Girls,Student,Delhi,0,Girls,Financial support,Female
MP Govt,Not Available,Not Available,Not Available,Women,60,Women empowerment,Mukhyamantri Ladli Behna Yojana,300000,Women,Unemployed,Madhya Pradesh,21,Women,Monthly aid,Female
Odisha Govt,Not Available,Not Available,Not Available,Farmer,70,Farming support,KALIA Scheme,500000,Farmers,Farmer,Odisha,18,Farmers,Income support,All
Odisha Govt,Not Available,Not Available,Not Available,Health,100,Healthcare,Biju Swasthya Kalyan Yojana,300000,Poor Families,All,Odisha,0,Poor families,Health insurance,All
Karnataka Govt,Not Available,Not Available,Not Available,Health,100,Healthcare,Arogya Karnataka,300000,General Public,All,Karnataka,0,Residents,Health coverage,All
Karnataka Govt,Not Available,Not Available,Not Available,Women,60,Financial aid,Gruha Lakshmi Scheme,300000,Women,Housewife,Karnataka,18,Women,Monthly support,Female
Maharashtra Govt,Not Available,Not Available,Not Available,Health,100,Healthcare,Mahatma Jyotiba Phule Scheme,300000,Poor Families,All,Maharashtra,0,BPL,Health insurance,All
Rajasthan Govt,Not Available,Not Available,Not Available,Women,25,Girl support,Rajshree Yojana,300000,Women,Student,Rajasthan,0,Girl child,Financial aid,Female
AP Govt,Not Available,Not Available,Not Available,Student,50,Education support,Amma Vodi,300000,Women,Housewife,Andhra Pradesh,25,Mothers of students,Financial aid,Female
WB Govt,Not Available,Not Available,Not Available,Women,25,Education support,Kanyashree Prakalpa,300000,Women,Student,West Bengal,13,Girls,Scholarship,Female
Bihar Govt,Not Available,Not Available,Not Available,Women,25,Encourage education,Chief Minister Girl Child Scheme,300000,Women,Student,Bihar,0,Girls,Financial support,Female
TN Govt,Not Available,Not Available,Not Available,Women,40,Social welfare,Tamil Nadu Marriage Scheme,300000,Women,Unemployed,Tamil Nadu,18,Women,Marriage assistance,Female
MP Govt,Not Available,Not Available,Not Available,Women,25,Empower girls,Ladli Laxmi Yojana,300000,Women,Student,Madhya Pradesh,0,Girls,Financial aid,Female
MP Govt,Not Available,Not Available,Not Available,Student,25,Merit support,Mukhyamantri Medhavi Yojana,300000,Students,Student,Madhya Pradesh,16,Students,Scholarship,All
MP Govt,Not Available,Not Available,Not Available,Student,25,Encourage girls,MP Free Scooty Scheme,300000,Girls,Student,Madhya Pradesh,16,Top students,Scooty,Female
Rajasthan Govt,Not Available,Not Available,Not Available,Digital,60,Digital empowerment,Rajasthan Free Mobile Scheme,300000,Women,Housewife,Rajasthan,18,Women,Smartphone,Female
Haryana Govt,Not Available,Not Available,Not Available,Employment,35,Youth employment,Haryana Saksham Yuva,300000,Youth,Unemployed,Haryana,18,Graduates,Allowance,All
Punjab Govt,Not Available,Not Available,Not Available,Women,40,Support marriage,Punjab Shagun Scheme,300000,Women,Unemployed,Punjab,18,Women,Marriage aid,Female
Gujarat Govt,Not Available,Not Available,Not Available,Student,25,Digital support,Gujarat Laptop Sahay Yojana,300000,Students,Student,Gujarat,16,Students,Laptop subsidy,All
MH Govt,Not Available,Not Available,Not Available,Food,100,Affordable food,Maharashtra Shiv Bhojan Yojana,300000,Poor Families,All,Maharashtra,18,Poor,Low-cost food,All
Kerala Govt,Not Available,Not Available,Not Available,Health,100,Healthcare,Kerala Karunya Scheme,300000,Poor Families,All,Kerala,0,Poor,Medical aid,All
Assam Govt,Not Available,Not Available,Not Available,Women,60,Financial support,Assam Orunodoi Scheme,300000,Women,Housewife,Assam,18,Women,Monthly aid,Female
Jharkhand Govt,Not Available,Not Available,Not Available,Employment,35,Job support,Jharkhand Mukhyamantri Yojana,300000,Youth,Unemployed,Jharkhand,18,Youth,Employment,All
CG Govt,Not Available,Not Available,Not Available,Farmer,65,Farming support,Chhattisgarh Rajiv Gandhi Nyay Yojana,500000,Farmers,Farmer,Chhattisgarh,18,Farmers,Income support,All
Telangana Govt,Not Available,Not Available,Not Available,Farmer,65,Farming scheme,Telangana Rythu Bandhu,500000,Farmers,Farmer,Telangana,18,Farmers,Investment support,All
TN Govt,Not Available,Not Available,Not Available,Food,100,Food support,Tamil Nadu Amma Canteen,300000,Poor Families,All,Tamil Nadu,18,Urban poor,Subsidized food,All
WB Govt,Not Available,Not Available,Not Available,Health,100,Healthcare,West Bengal Swasthya Sathi,300000,General Public,All,West Bengal,0,Residents,Health insurance,All
Bihar Govt,Not Available,Not Available,Not Available,Student,30,Higher education,Bihar Student Credit Card Scheme,400000,Students,Student,Bihar,18,Students,Education loan,All
Odisha Govt,Not Available,Not Available,Not Available,Women,60,Empowerment,Odisha Mission Shakti,300000,Women,Worker,Odisha,18,Women,SHG support,Female
UP Govt,Not Available,Not Available,Not Available,Women,60,Empowerment,UP Mission Shakti,300000,Women,All,Uttar Pradesh,18,Women,Women safety,Female
Delhi Govt,Not Available,Not Available,Not Available,Skill,35,Skill development,Delhi Skill Mission,300000,Youth,Student,Delhi,18,Youth,Skill training,All
Karnataka Govt,Not Available,Not Available,Not Available,Employment,35,Youth support,Karnataka Yuva Nidhi,300000,Youth,Unemployed,Karnataka,18,Graduates,Allowance,All
Ministry of Social Justice & Empowerment,Not Available,Not Available,Not Available,Student,35,Supports higher education abroad,National Overseas Scholarship,800000,Students,Student,All,18,SC/ST/OBC/EWS students with low income,Full/partial funding for foreign studies,All
Ministry of Social Justice & Empowerment,Not Available,Not Available,Not Available,Student,35,Supports overseas education loans,Dr Ambedkar Scheme of Interest Subsidy on Educational Loans for Overseas Studies,800000,Students,Student,All,18,OBC/EWS students,Interest subsidy on education loan,All
Ministry of Minority Affairs,Not Available,Not Available,Not Available,Student,35,Promotes overseas education,Padho Pardesh Scheme,600000,Students,Student,All,18,Minority students,Interest subsidy for foreign studies loans,All
Ministry of Tribal Affairs,Not Available,Not Available,Not Available,Student,35,Supports tribal students abroad,National Overseas Scholarship for ST Students,600000,Students,Student,All,18,ST students,Scholarship for foreign education,All
Ministry of External Affairs / USIEF,Not Available,Not Available,Not Available,Student,40,International exchange scholarship,Fulbright-Nehru Fellowship (India-US),1000000,Students,Student,All,21,Meritorious Indian students,Full funding for study in USA,All
Ministry of Education / UK Govt,Not Available,Not Available,Not Available,Student,40,Study in UK universities,Commonwealth Scholarship (UK),1000000,Students,Student,All,21,Meritorious students,Full scholarship in UK,All
Private Foundation,Not Available,Not Available,Not Available,Student,35,Supports higher studies abroad,Inlaks Shivdasani Foundation Scholarship,1000000,Students,Student,All,21,Top rank students,Full funding abroad,All
Tata Trusts,Not Available,Not Available,Not Available,Student,45,Supports foreign studies,JN Tata Endowment Scholarship,1000000,Students,Student,All,21,Indian students,Loan scholarship,All
Mahindra Foundation,Not Available,Not Available,Not Available,Student,35,Supports overseas education,KC Mahindra Scholarship for Foreign Studies,1000000,Students,Student,All,21,Indian graduates,Interest-free loan,All
UP Govt,Not Available,Not Available,Not Available,Student,35,Supports foreign education,Chief Minister Overseas Scholarship Scheme,600000,Students,Student,Uttar Pradesh,18,UP students,Financial aid for abroad studies,All
UP Govt,Not Available,Not Available,Not Available,Student,35,Foreign education support,UP Dr Ambedkar Overseas Scholarship,600000,Students,Student,Uttar Pradesh,18,SC/ST students UP,Scholarship for SC/ST abroad,All
Rajasthan Govt,Not Available,Not Available,Not Available,Student,35,Supports top students abroad,Rajiv Gandhi Scholarship for Academic Excellence,800000,Students,Student,Rajasthan,18,Rajasthan students,Funding for foreign education,All
West Bengal Govt,Not Available,Not Available,Not Available,Student,35,Supports higher education abroad,Swami Vivekananda Merit-cum-Means Overseas Scholarship,600000,Students,Student,West Bengal,18,WB students,Scholarship for study abroad,All
MP Govt,Not Available,Not Available,Not Available,Student,35,Foreign education support,Chief Minister Overseas Scholarship Scheme (MP),600000,Students,Student,Madhya Pradesh,18,MP students,Financial support abroad,All
TN Govt,Not Available,Not Available,Not Available,Student,35,Supports foreign education,Tamil Nadu Overseas Scholarship Scheme,600000,Students,Student,Tamil Nadu,18,TN students,Scholarship for abroad study,All
Karnataka Govt,Not Available,Not Available,Not Available,Student,35,Supports overseas education,Karnataka Overseas Scholarship Scheme,600000,Students,Student,Karnataka,18,Karnataka students,Scholarship for foreign studies,All
Telangana Govt,Not Available,Not Available,Not Available,Student,35,Foreign education scheme,Telangana Overseas Scholarship Scheme (Ambedkar),600000,Students,Student,Telangana,18,SC/ST/Minority students,Full funding abroad,All
AP Govt,Not Available,Not Available,Not Available,Student,35,Supports overseas studies,Andhra Pradesh Overseas Scholarship Scheme,600000,Students,Student,Andhra Pradesh,18,AP students,Financial aid abroad,All
Kerala Govt,Not Available,Not Available,Not Available,Student,35,Supports higher education abroad,Kerala Overseas Scholarship Scheme,600000,Students,Student,Kerala,18,Kerala students,Scholarship abroad,All
Ministry of Women & Child Development,Government,500000,Medium,Women,100,Government welfare scheme,Indira Mahila Shakti Udyam Protsahan Yojana,Not Available,General Public,All,All,0,As per government norms,As per official scheme guidelines,Female
Various Ministries,Government,500000,Medium,General,100,Government welfare scheme,Mukhyamantri Shramik Aujaar Sahayata Yojana,Not Available,General Public,All,All,0,As per government norms,As per official scheme guidelines,All
Various Ministries,Government,500000,Medium,General,100,Government welfare scheme,Nirman Shramik Jeevan va Bhavishya Suraksha Yojana,Not Available,General Public,All,All,0,As per government norms,As per official scheme guidelines,All
Various Ministries,Government,500000,Medium,General,100,Government welfare scheme,Safai Karmakaar Ke Putr/Putri Hetu Vishesh Coaching Yojana,Not Available,General Public,All,All,0,As per government norms,As per official scheme guidelines,All
Various Ministries,Government,500000,Medium,General,100,Government welfare scheme,"""Advance / High Skill Training"" Component of the ""Development of Industries"" Scheme",Not Available,General Public,All,All,0,As per government norms,As per official scheme guidelines,All
Various Ministries,Government,500000,Medium,General,100,Government welfare scheme,"""Advance/High Skill Training in Coir"" Component of the ""Development of Coir"" Scheme",Not Available,General Public,All,All,0,As per government norms,As per official scheme guidelines,All
Ministry of Health,Government,500000,Medium,Health,100,Government welfare scheme,"""Annual Insurance Premium for Boat Owners"" under ""Financial Assistance for Availing Subsidy Components for the Development of Marine Fisheries""",Not Available,General Public,All,All,0,As per government norms,As per official scheme guidelines,All
Ministry of Agriculture,Government,500000,Medium,Farmer,100,Government welfare scheme,"""Input Assistance to Farmers for Taking up Fish Farming in Farm Ponds"" Component of the ""Mukhyamantri Maschyajibi Kalyan Yojana"" Scheme",Not Available,General Public,Farmer,All,0,As per government norms,As per official scheme guidelines,All
Ministry of Rural Development,Government,500000,Medium,Pension,100,Government welfare scheme,"""Monthly Grant To Old Crafts Persons (Pension)"" Component of the ""Development of Handicrafts"" Scheme",Not Available,General Public,Unemployed,All,60,As per government norms,As per official scheme guidelines,All
Various Ministries,Government,500000,Medium,General,100,Government welfare scheme,"""Reactivation Of Fisheries Cooperative Societies"" Component of the ""Mukhyamantri Maschyajibi Kalyan Yojana"" Scheme",Not Available,General Public,All,All,0,As per government norms,As per official scheme guidelines,All
Various Ministries,Government,500000,Medium,General,100,Government welfare scheme,15 Days Skill Up-gradation Training,Not Available,General Public,All,All,0,As per government norms,As per official scheme guidelines,All
Various Ministries,Government,500000,Medium,General,100,Government welfare scheme,6 Varsh Se Adhik Aayu Ke Bahuviklang Aur Mansik Roop Se Aviksit Nisaktjan Ke Liye Sahayata Anudan Yojana,Not Available,General Public,All,All,0,As per government norms,As per official scheme guidelines,All
Ministry of Rural Development,Government,500000,Medium,Pension,100,Government welfare scheme,AFFDF-Financial Assistance For Treatment Of Serious Diseases To Non Pensioner Ex-Servicemen (All Ranks)/Widows,Not Available,General Public,Unemployed,All,60,As per government norms,As per official scheme guidelines,All
Various Ministries,Government,500000,High,General,100,Government welfare scheme,AICTE-National Initiative for Training of Technical Teachers (for Inductee Teachers) Scheme,Not Available,General Public,All,All,0,As per government norms,As per official scheme guidelines,All
Ministry of Education,Government,500000,Medium,Student,100,Government welfare scheme,AICTE-Training programs for Physical Education Trainers/Sport-Games Teachers/Director of Sports,Not Available,General Public,All,All,0,As per government norms,As per official scheme guidelines,All
Various Ministries,Government,500000,Medium,General,100,Government welfare scheme,Aahar Anudan Yojana,Not Available,General Public,All,All,0,As per government norms,As per official scheme guidelines,All
Various Ministries,Government,500000,Medium,General,100,Government welfare scheme,Aaloo Ke Kufri Chipsona-1 Prabhed Ke Kshetra Vistaar Yojana,Not Available,General Public,All,All,0,As per government norms,As per official scheme guidelines,All
Various Ministries,Government,500000,Medium,General,100,Government welfare scheme,Aam Aadmi Bima Yojana,Not Available,General Public,All,All,0,As per government norms,As per official scheme guidelines,All
Various Ministries,Government,500000,Medium,General,100,Government welfare scheme,Aam Aadmi Bima Yojana (Maharashtra),Not Available,General Public,All,All,0,As per government norms,As per official scheme guidelines,All
Various Ministries,Government,500000,Medium,General,100,Government welfare scheme,Aapki Beti Yojana,Not Available,General Public,All,All,0,As per government norms,As per official scheme guidelines,All
Various Ministries,Government,500000,Medium,General,100,Government welfare scheme,Aastha Yojana,Not Available,General Public,All,All,0,As per government norms,As per official scheme guidelines,All
Various Ministries,Government,500000,Medium,General,100,Government welfare scheme,Aaws Bhatta Sahayata Yojana,Not Available,General Public,All,All,0,As per government norms,As per official scheme guidelines,All
Various Ministries,Government,500000,High,General,100,Government welfare scheme,Abdul Kalam Technology Innovation National Fellowship,Not Available,General Public,All,All,0,As per government norms,As per official scheme guidelines,All
Ministry of MSME,Government,500000,Medium,MSME/Startup,100,Government welfare scheme,Abhinandan Education Loan Subsidy Scheme,Not Available,General Public,All,All,0,As per government norms,As per official scheme guidelines,All
Various Ministries,Government,500000,Medium,General,100,Government welfare scheme,Abua Awas Yojana,Not Available,General Public,All,All,0,As per government norms,As per official scheme guidelines,All
Ministry of Education,Government,500000,Medium,Student,100,Government welfare scheme,Academic Education (JKBOCWWB),Not Available,General Public,All,All,0,As per government norms,As per official scheme guidelines,All
Various Ministries,Government,500000,Medium,General,100,Government welfare scheme,Acharya Vidyasagar Gau Samvardhan Yojana,Not Available,General Public,All,All,0,As per government norms,As per official scheme guidelines,All
Ministry of Rural Development,Government,500000,Medium,Pension,100,Government welfare scheme,Additional Pension to 100% Disabled Ex-Serviceman having Children,Not Available,General Public,Unemployed,All,60,As per government norms,As per official scheme guidelines,All
Ministry of Rural Development,Government,500000,Medium,Pension,100,Government welfare scheme,Additional Pension to 100% Disabled Ex-Serviceman having No Child,Not Available,General Public,Unemployed,All,60,As per government norms,As per official scheme guidelines,All
Ministry of Rural Development,Government,500000,Medium,Pension,100,Government welfare scheme,Additional Pension to Widow of Ex-Serviceman having Children,Not Available,General Public,Unemployed,All,60,As per government norms,As per official scheme guidelines,All
Ministry of Rural Development,Government,500000,Medium,Pension,100,Government welfare scheme,Additional Pension to Widow of Ex-Serviceman having No Child,Not Available,General Public,Unemployed,All,60,As per government norms,As per official scheme guidelines,All
Ministry of Education,Government,500000,Medium,Student,100,Government welfare scheme,Adi Dravidar and Tribal Welfare Department: Scholarship-Free Education upto 12th Std. to All,Not Available,General Public,Student,All,0,As per government norms,As per official scheme guidelines,All
Various Ministries,Government,500000,Medium,General,100,Government welfare scheme,"Adivasi Sanskriti Evam Kala Kendra/Majhi Bhavan, Manki Munda Bhavan, Parha Bhavan, Pargana Bhavan, Dumkuria Bhavan Evam Gosade Nirman Tatha Majhi Than Shed Nirman Yojana",Not Available,General Public,All,All,0,As per government norms,As per official scheme guidelines,All
Various Ministries,Government,500000,Medium,General,100,Government welfare scheme,Admission in Post Matric Hostel,Not Available,General Public,All,All,0,As per government norms,As per official scheme guidelines,All
Various Ministries,Government,500000,Medium,General,100,Government welfare scheme,Admission of Adi Dravidar/Tribal Students in Plus One at Reputed Schools,Not Available,General Public,Student,All,0,As per government norms,As per official scheme guidelines,All
Various Ministries,Government,500000,Medium,General,100,Government welfare scheme,Agnipath Yojana,Not Available,General Public,All,All,0,As per government norms,As per official scheme guidelines,All
Ministry of Agriculture,Government,500000,Medium,Farmer,100,Government welfare scheme,Agricultural Skill Development Training Programme For Women Farmers And Farmers,Not Available,General Public,Farmer,All,0,As per government norms,As per official scheme guidelines,Female
Ministry of Agriculture,Government,500000,Medium,Farmer,100,Government welfare scheme,Agriculture And Processed Foods Export Promotion Scheme Of APEDA For The 15th Finance Commission Cycle (2021-22 To 2025-26),Not Available,General Public,All,All,0,As per government norms,As per official scheme guidelines,All
Various Ministries,Government,500000,Medium,General,100,Government welfare scheme,Akanksha Housing Scheme,Not Available,General Public,All,All,0,As per government norms,As per official scheme guidelines,All
Various Ministries,Government,500000,Medium,General,100,Government welfare scheme,Alpasankhyak Post-Maitrik Chhaatravrtti Yojana,Not Available,General Public,All,All,0,As per government norms,As per official scheme guidelines,All
Various Ministries,Government,500000,Medium,General,100,Government welfare scheme,Alpsankhyak Merit-Cum-Means Chatravriti Yojana,Not Available,General Public,All,All,0,As per government norms,As per official scheme guidelines,All
Ministry of Women & Child Development,Government,500000,Medium,Women,100,Government welfare scheme,Alpsankhyak Muslim Parityaqta/Talaqshuda Mahila Sahayata Yojana,Not Available,General Public,All,All,0,As per government norms,As per official scheme guidelines,Female
Ministry of Health,Government,500000,Medium,Health,100,Government welfare scheme,Andaman & Nicobar Islands Scheme for Health Insurance,Not Available,General Public,All,All,0,As per government norms,As per official scheme guidelines,All
Ministry of Rural Development,Government,500000,Medium,Pension,100,Government welfare scheme,Annath Pension Yojana (JBOCWWB),Not Available,General Public,Unemployed,All,60,As per government norms,As per official scheme guidelines,All
Various Ministries,Government,500000,Medium,General,100,Government welfare scheme,Antarjatiye Vivah Protsahan Anudan Yojana,Not Available,General Public,All,All,0,As per government norms,As per official scheme guidelines,All
Various Ministries,Government,500000,Medium,General,100,Government welfare scheme,Antayoshti Sahayata Yojana,Not Available,General Public,All,All,0,As per government norms,As per official scheme guidelines,All
Various Ministries,Government,500000,Medium,General,100,Government welfare scheme,Antheyesthi Anudan Yojana,Not Available,General Public,All,All,0,As per government norms,As per official scheme guidelines,All
Various Ministries,Government,500000,Medium,General,100,Government welfare scheme,Antim Sans‍kar Yojana ​,Not Available,General Public,All,All,0,As per government norms,As per official scheme guidelines,All
Various Ministries,Government,500000,Medium,General,100,Government welfare scheme,Antya Sanskar Sahay Yojana,Not Available,General Public,All,All,0,As per government norms,As per official scheme guidelines,All
Ministry of MSME,Government,500000,Medium,MSME/Startup,100,Government welfare scheme,Arivu Education Loan Scheme,Not Available,General Public,All,All,0,As per government norms,As per official scheme guidelines,All
Various Ministries,Government,500000,Medium,General,100,Government welfare scheme,Asangathit Karmakaar Mrtyu Evan Divyaang Sahaayata Yojana,Not Available,General Public,All,All,0,As per government norms,As per official scheme guidelines,All
Various Ministries,Government,500000,Medium,General,100,Government welfare scheme,Asangathit Karmakaar Silai Machine Sahayata Yojana,Not Available,General Public,All,All,0,As per government norms,As per official scheme guidelines,All
Various Ministries,Government,500000,Medium,General,100,Government welfare scheme,Asangathit Karmakar Gambhir Bimari Chikitsa Sahayata Yojana,Not Available,General Public,All,All,0,As per government norms,As per official scheme guidelines,All
Various Ministries,Government,500000,Medium,General,100,Government welfare scheme,Asangathit Karmakar Ke Bachcho Hetu Chhatravriti Yojana,Not Available,General Public,All,All,0,As per government norms,As per official scheme guidelines,All
Various Ministries,Government,500000,Medium,General,100,Government welfare scheme,Asangathit Karmakar Prasuti Sahayata Yojana,Not Available,General Public,All,All,0,As per government norms,As per official scheme guidelines,All
Various Ministries,Government,500000,Medium,General,100,Government welfare scheme,Asangathit Karmakar Samachar-Patr Hawker Cycle Sahayata Yojana,Not Available,General Public,All,All,0,As per government norms,As per official scheme guidelines,All
Ministry of MSME,Government,500000,Medium,MSME/Startup,100,Government welfare scheme,Assam Abhinandan Education Loan Subsidy Scheme,Not Available,General Public,All,All,0,As per government norms,As per official scheme guidelines,All
Various Ministries,Government,500000,Medium,General,100,Government welfare scheme,Atal Asra Yojana,Not Available,General Public,All,All,0,As per government norms,As per official scheme guidelines,All
Various Ministries,Government,500000,Medium,General,100,Government welfare scheme,Atal Awasiya Vidyala Yojana,Not Available,General Public,All,All,0,As per government norms,As per official scheme guidelines,All
Various Ministries,Government,500000,Medium,General,100,Government welfare scheme,Atal Beemit Vyakti Kalyan Yojana,Not Available,General Public,All,All,0,As per government norms,As per official scheme guidelines,All
Various Ministries,Government,500000,Medium,General,100,Government welfare scheme,Atal Graha Jyoti Yojana,Not Available,General Public,All,All,0,As per government norms,As per official scheme guidelines,All
Various Ministries,Government,500000,Medium,General,100,Government welfare scheme,Atal Mission For Rejuvenation And Urban Transformation,Not Available,General Public,All,All,0,As per government norms,As per official scheme guidelines,All
Ministry of Rural Development,Government,500000,Medium,Pension,100,Government welfare scheme,Atal Pension Yojana,Not Available,General Public,Unemployed,All,60,As per government norms,As per official scheme guidelines,All
Various Ministries,Government,500000,Medium,General,100,Government welfare scheme,Atal Sneh Yojana,Not Available,General Public,All,All,0,As per government norms,As per official scheme guidelines,All
Various Ministries,Government,500000,Medium,General,100,Government welfare scheme,Atma Nirbhar Bagwani Yojana,Not Available,General Public,All,All,0,As per government norms,As per official scheme guidelines,All
Various Ministries,Government,500000,Medium,General,100,Government welfare scheme,Atma Nirbhar Krishi Yojana,Not Available,General Public,All,All,0,As per government norms,As per official scheme guidelines,All
Various Ministries,Government,500000,Medium,General,100,Government welfare scheme,"Award for Success in State Public Service Commission, Union Public Service Commission Examination (MPBOCWWB)",Not Available,General Public,All,All,0,As per government norms,As per official scheme guidelines,All
Ministry of Education,Government,500000,Medium,Student,100,Government welfare scheme,Award of Attendance Scholarship to Girl Students in the Middle Stage of Education,Not Available,General Public,Student,All,0,As per government norms,As per official scheme guidelines,All
Ministry of Education,Government,500000,High,Student,100,Government welfare scheme,Award of Scholarship to the Children who are Recipients of National Child Award for Exceptional Achievements and Other National / International Merit Awards,Not Available,General Public,Student,All,0,As per government norms,As per official scheme guidelines,All
Various Ministries,Government,500000,Medium,General,100,Government welfare scheme,Awasiya Vidyala Yojana,Not Available,General Public,All,All,0,As per government norms,As per official scheme guidelines,All
Ministry of Health,Government,300000,High,Health,100,Government welfare scheme,Ayushman Bharat - Pradhan Mantri Jan Arogya Yojana,Not Available,General Public,All,All,0,As per government norms,As per official scheme guidelines,All
Ministry of Education,Government,500000,Medium,Student,100,Government welfare scheme,BPL (Below Poverty Line) Student Welfare Scholarship - Technical Education,Not Available,General Public,Student,All,0,As per government norms,As per official scheme guidelines,All
Various Ministries,Government,500000,Medium,General,100,Government welfare scheme,Bakri Palan Yojana,Not Available,General Public,All,All,0,As per government norms,As per official scheme guidelines,All
Various Ministries,Government,500000,Medium,General,100,Government welfare scheme,Bal Sakha Yojana,Not Available,General Public,All,All,0,As per government norms,As per official scheme guidelines,All
Various Ministries,Government,500000,Medium,General,100,Government welfare scheme,Balika Samrithi Yojana,Not Available,General Public,All,All,0,As per government norms,As per official scheme guidelines,All
Various Ministries,Government,500000,Medium,General,100,Government welfare scheme,Banglar Awaas Yojana (BAY),Not Available,General Public,All,All,0,As per government norms,As per official scheme guidelines,All
Various Ministries,Government,500000,Medium,General,100,Government welfare scheme,Baristha Nagarika Tirtha Yatra Yojana,Not Available,General Public,All,All,0,As per government norms,As per official scheme guidelines,All
Various Ministries,Government,500000,Medium,General,100,Government welfare scheme,Beej Masaale Ki Yojana,Not Available,General Public,All,All,0,As per government norms,As per official scheme guidelines,All
Various Ministries,Government,500000,Medium,General,100,Government welfare scheme,Beti Hai Anmol Yojana,Not Available,General Public,All,All,0,As per government norms,As per official scheme guidelines,All
Ministry of Education,Government,500000,Medium,Student,100,Government welfare scheme,Bharati Scheme for Education - 1st Class to 5th Class,Not Available,General Public,All,All,0,As per government norms,As per official scheme guidelines,All
Ministry of Education,Government,500000,Medium,Student,100,Government welfare scheme,Bharati Scheme for Education - 6th Class to 10th Class,Not Available,General Public,All,All,0,As per government norms,As per official scheme guidelines,All
Ministry of Education,Government,500000,Medium,Student,100,Government welfare scheme,Bharati Scheme for Education - Graduation,Not Available,General Public,All,All,0,As per government norms,As per official scheme guidelines,All
Ministry of Education,Government,500000,Medium,Student,100,Government welfare scheme,Bharati Scheme for Education - Intermediate or Equivalent,Not Available,General Public,All,All,0,As per government norms,As per official scheme guidelines,All
Ministry of Education,Government,500000,Medium,Student,100,Government welfare scheme,Bharati Scheme for Education - Post-Graduation,Not Available,General Public,All,All,0,As per government norms,As per official scheme guidelines,All
Ministry of Education,Government,500000,Medium,Student,100,Government welfare scheme,Bharati Scheme for Education - Professional Education Course,Not Available,General Public,All,All,0,As per government norms,As per official scheme guidelines,All
Ministry of Education,Government,500000,Medium,Student,100,Government welfare scheme,Bharati Scheme for Education Professional Education Course - Chartered Accountancy Final,Not Available,General Public,All,All,0,As per government norms,As per official scheme guidelines,All
Ministry of Education,Government,500000,Medium,Student,100,Government welfare scheme,Bharati Scheme for Education Professional Education Course - Chartered Accountancy Intern,Not Available,General Public,All,All,0,As per government norms,As per official scheme guidelines,All
Various Ministries,Government,500000,Medium,General,100,Government welfare scheme,Bhavantar Bharpai Yojana,Not Available,General Public,All,All,0,As per government norms,As per official scheme guidelines,All
Various Ministries,Government,500000,Medium,General,100,Government welfare scheme,Bhed Palan Yojana,Not Available,General Public,All,All,0,As per government norms,As per official scheme guidelines,All
Various Ministries,Government,500000,Medium,General,100,Government welfare scheme,Bhraman - Darshan Yojana,Not Available,General Public,All,All,0,As per government norms,As per official scheme guidelines,All
Ministry of Rural Development,Government,500000,Medium,Pension,100,Government welfare scheme,Bihar Disability Pension Scheme,Not Available,General Public,Unemployed,All,60,As per government norms,As per official scheme guidelines,All
Various Ministries,Government,500000,Medium,General,100,Government welfare scheme,Bihar Shatabdi AIDS Pirit Kalyan Yojana,Not Available,General Public,All,All,0,As per government norms,As per official scheme guidelines,All
Various Ministries,Government,500000,Medium,General,100,Government welfare scheme,Bihar Shatabdi Asangathit Karyakshetra Kamagaar Evan Shilpakar Samajik Suraksha Yojana: Accidental Death,Not Available,General Public,All,All,0,As per government norms,As per official scheme guidelines,All
Various Ministries,Government,500000,Medium,General,100,Government welfare scheme,Bihar Shatabdi Asangathit Karyakshetra Kamagaar Evan Shilpakar Samajik Suraksha Yojana: Accidental Injuries,Not Available,General Public,All,All,0,As per government norms,As per official scheme guidelines,All
Various Ministries,Government,500000,Medium,General,100,Government welfare scheme,Bihar Shatabdi Asangathit Karyakshetra Kamagaar Evan Shilpakar Samajik Suraksha Yojana: Medical Assistance for Incurable Diseases,Not Available,General Public,All,All,0,As per government norms,As per official scheme guidelines,All
Various Ministries,Government,500000,Medium,General,100,Government welfare scheme,Bihar Shatabdi Asangathit Karyakshetra Kamagaar Evan Shilpakar Samajik Suraksha Yojana: Natural Death,Not Available,General Public,All,All,0,As per government norms,As per official scheme guidelines,All
Various Ministries,Government,500000,Medium,General,100,Government welfare scheme,Bihar Shatabdi Asangathit Karyakshetra Kamagaar Evan Shilpakar Samajik Suraksha Yojana: Permanent Partial Disability,Not Available,General Public,All,All,0,As per government norms,As per official scheme guidelines,All
Various Ministries,Government,500000,Medium,General,100,Government welfare scheme,Bihar Shatabdi Asangathit Karyakshetra Kamagaar Evan Shilpakar Samajik Suraksha Yojana: Total Permanent Disability,Not Available,General Public,All,All,0,As per government norms,As per official scheme guidelines,All
Ministry of MSME,Government,500000,Medium,MSME/Startup,100,Government welfare scheme,Bihar Startup Policy,Not Available,General Public,All,All,0,As per government norms,As per official scheme guidelines,All
Various Ministries,Government,500000,Medium,General,100,Government welfare scheme,Bihar State Alpsankhyak Awasiya Vidyalaya Yojana,Not Available,General Public,All,All,0,As per government norms,As per official scheme guidelines,All
Ministry of Health,Government,500000,Medium,Health,100,Government welfare scheme,Bihar State Journalist Insurance Scheme,Not Available,General Public,All,All,0,As per government norms,As per official scheme guidelines,All
Various Ministries,Government,500000,Medium,General,100,Government welfare scheme,Biju Pucca Ghar Yojana,Not Available,General Public,All,All,0,As per government norms,As per official scheme guidelines,All
Various Ministries,Government,500000,Medium,General,100,Government welfare scheme,Biju Swasthya Kalyan Yojana,Not Available,General Public,All,All,0,As per government norms,As per official scheme guidelines,All
Various Ministries,Government,500000,Medium,General,100,Government welfare scheme,Biju Yuva Sashaktikaran Yojana,Not Available,General Public,All,All,0,As per government norms,As per official scheme guidelines,All
Various Ministries,Government,500000,Medium,General,100,Government welfare scheme,Bima Yojana - Direct Benefit to Artisan,Not Available,General Public,All,All,0,As per government norms,As per official scheme guidelines,All
Various Ministries,Government,500000,Medium,General,100,Government welfare scheme,Bina Mulya Samajik Suraksha Yojana,Not Available,General Public,All,All,0,As per government norms,As per official scheme guidelines,All
Various Ministries,Government,500000,Medium,General,100,Government welfare scheme,Birsa Awas Nirman Yojana,Not Available,General Public,All,All,0,As per government norms,As per official scheme guidelines,All
Various Ministries,Government,500000,Medium,General,100,Government welfare scheme,Birsa Harit Gram Yojana,Not Available,General Public,All,All,0,As per government norms,As per official scheme guidelines,All
Various Ministries,Government,500000,Medium,General,100,Government welfare scheme,Block Level Institute for Rural Skill Acquisition (BIRSA),Not Available,General Public,All,All,0,As per government norms,As per official scheme guidelines,All
Various Ministries,Government,500000,Medium,General,100,Government welfare scheme,Bunkar Parivar Ke Pratibhavan Chatra-Chatraon Ko Protsahan Puraskar Yojana,Not Available,General Public,All,All,0,As per government norms,As per official scheme guidelines,All
Various Ministries,Government,500000,Medium,General,100,Government welfare scheme,Bunkar Parivar Sahayata Yojana,Not Available,General Public,All,All,0,As per government norms,As per official scheme guidelines,All
Various Ministries,Government,500000,Medium,General,100,Government welfare scheme,Capacity Building For Service Providers - Skill Testing & Certification,Not Available,General Public,All,All,0,As per government norms,As per official scheme guidelines,All
Various Ministries,Government,500000,High,General,100,Government welfare scheme,Central Sector Scheme of National Fellowship for Providing Fellowship to Scheduled Caste Students to Pursue M.Phil. & PhD,Not Available,General Public,Student,All,0,As per government norms,As per official scheme guidelines,All
Various Ministries,Government,500000,Medium,General,100,Government welfare scheme,Central Vigilance Commission (CVC) Internship Scheme,Not Available,General Public,All,All,0,As per government norms,As per official scheme guidelines,All
Various Ministries,Government,500000,Medium,General,100,Government welfare scheme,Chai Vikas Yojana,Not Available,General Public,All,All,0,As per government norms,As per official scheme guidelines,All
Various Ministries,Government,500000,Medium,General,100,Government welfare scheme,Chhattisgarh Mukhyamantri Kanya Vivah Yojana,Not Available,General Public,All,All,0,As per government norms,As per official scheme guidelines,All
Various Ministries,Government,500000,Medium,General,100,Government welfare scheme,Chief Minister Arogya Arunachal Yojana,Not Available,General Public,All,All,0,As per government norms,As per official scheme guidelines,All
Various Ministries,Government,500000,Medium,General,100,Government welfare scheme,Chief Minister BC & EBC Chhatravas Anudan Yojana,Not Available,General Public,All,All,0,As per government norms,As per official scheme guidelines,All
Various Ministries,Government,500000,Medium,General,100,Government welfare scheme,Chief Minister EBC Civil Seva Protsahan Yojana,Not Available,General Public,All,All,0,As per government norms,As per official scheme guidelines,All
Ministry of Rural Development,Government,500000,Medium,Pension,100,Government welfare scheme,Chief Minister Ekal Nari Samman Pension Yojana,Not Available,General Public,Unemployed,All,60,As per government norms,As per official scheme guidelines,All
Various Ministries,Government,500000,Medium,General,100,Government welfare scheme,Chief Minister Floriculture Mission,Not Available,General Public,All,All,0,As per government norms,As per official scheme guidelines,All
Ministry of Education,Government,500000,Medium,Student,100,Government welfare scheme,Chief Minister Higher Education Encouragement Scholarship Scheme,Not Available,General Public,Student,All,0,As per government norms,As per official scheme guidelines,All
Ministry of Education,Government,500000,Medium,Student,100,Government welfare scheme,Chief Minister Higher Education Scholarship Scheme,Not Available,General Public,Student,All,0,As per government norms,As per official scheme guidelines,All
Various Ministries,Government,500000,Medium,General,100,Government welfare scheme,Chief Minister Housing Assistance Programme,Not Available,General Public,All,All,0,As per government norms,As per official scheme guidelines,All
Various Ministries,Government,500000,Medium,General,100,Government welfare scheme,Chief Minister Kanya Utthan Yojana,Not Available,General Public,All,All,0,As per government norms,As per official scheme guidelines,All
Various Ministries,Government,500000,Medium,General,100,Government welfare scheme,Chief Minister Ladli Behna Yojana,Not Available,General Public,All,All,0,As per government norms,As per official scheme guidelines,All
Various Ministries,Government,500000,Medium,General,100,Government welfare scheme,Chief Minister Nari Shakti Yojana,Not Available,General Public,All,All,0,As per government norms,As per official scheme guidelines,All
Ministry of Rural Development,Government,500000,Medium,Pension,100,Government welfare scheme,Chief Minister Pension Scheme,Not Available,General Public,Unemployed,All,60,As per government norms,As per official scheme guidelines,All
Various Ministries,Government,500000,Medium,General,100,Government welfare scheme,Chief Minister Samagra Gramya Unnayan Yojana,Not Available,General Public,All,All,0,As per government norms,As per official scheme guidelines,All
Ministry of Rural Development,Government,500000,Medium,Pension,100,Government welfare scheme,Chief Minister Specially Abled Samman Pension Scheme,Not Available,General Public,Unemployed,All,60,As per government norms,As per official scheme guidelines,All
Various Ministries,Government,500000,Medium,General,100,Government welfare scheme,Chief Minister's Building and Other Construction Workers Housing (Rural) Scheme,Not Available,General Public,All,All,0,As per government norms,As per official scheme guidelines,All
Various Ministries,Government,500000,Medium,General,100,Government welfare scheme,Chief Minister's Building and Other Construction Workers Urban Housing Scheme (MPBOCWWB),Not Available,General Public,All,All,0,As per government norms,As per official scheme guidelines,All
Ministry of Health,Government,500000,Medium,Health,100,Government welfare scheme,Chief Minister's Comprehensive Health Insurance Scheme,Not Available,General Public,All,All,0,As per government norms,As per official scheme guidelines,All
Various Ministries,Government,500000,Medium,General,100,Government welfare scheme,Chief Minister's Jeevan Jyoti Swaniyojan Yojana,Not Available,General Public,All,All,0,As per government norms,As per official scheme guidelines,All
Various Ministries,Government,500000,Medium,General,100,Government welfare scheme,Chief Minister's Krishi Rinn Yojana,Not Available,General Public,All,All,0,As per government norms,As per official scheme guidelines,All
Ministry of Rural Development,Government,500000,Medium,Pension,100,Government welfare scheme,Chief Minister's State Disability Pension Scheme - Sikkim,Not Available,General Public,Unemployed,All,60,As per government norms,As per official scheme guidelines,All
Ministry of Rural Development,Government,500000,Medium,Pension,100,Government welfare scheme,Chief Ministergi Artistesinggi Tengbang (CMAT) – Artiste’s Pension,Not Available,General Public,Unemployed,All,60,As per government norms,As per official scheme guidelines,All
Various Ministries,Government,500000,High,General,100,Government welfare scheme,Chief Ministergi Artistesinggi Tengbang (CMAT) – Scheme Of Festival Assistance For Participating In International & National Festival,Not Available,General Public,All,All,0,As per government norms,As per official scheme guidelines,All
Ministry of Health,Government,500000,Medium,Health,100,Government welfare scheme,Chief Minister’s Comprehensive Health Insurance Scheme - Tamil Nadu,Not Available,General Public,All,All,0,As per government norms,As per official scheme guidelines,All
Ministry of Health,Government,500000,Medium,Health,100,Government welfare scheme,Chief Minister’s Health Insurance Scheme - Nagaland,Not Available,General Public,All,All,0,As per government norms,As per official scheme guidelines,All
Various Ministries,Government,500000,Medium,General,100,Government welfare scheme,Chief Minister’s Krishi Samuh Yojana,Not Available,General Public,All,All,0,As per government norms,As per official scheme guidelines,All
Various Ministries,Government,500000,Medium,General,100,Government welfare scheme,Chief Minister’s Paryatan Siksha Yojana,Not Available,General Public,All,All,0,As per government norms,As per official scheme guidelines,All
Various Ministries,Government,500000,Medium,General,100,Government welfare scheme,Chief Minister’s Paryatan Vikas Yojana,Not Available,General Public,All,All,0,As per government norms,As per official scheme guidelines,All
Ministry of Agriculture,Government,500000,Medium,Farmer,100,Government welfare scheme,Chief Minister’s Shasakt Kisan Yojana,Not Available,General Public,Farmer,All,0,As per government norms,As per official scheme guidelines,All
Ministry of MSME,Government,500000,Medium,MSME/Startup,100,Government welfare scheme,Chief Minister’s Startup/innovation Projects/new Industries,Not Available,General Public,All,All,0,As per government norms,As per official scheme guidelines,All
Various Ministries,Government,500000,Medium,General,100,Government welfare scheme,Chief Minister’s Yuva Kaushal Yojana,Not Available,General Public,All,All,0,As per government norms,As per official scheme guidelines,All
Various Ministries,Government,500000,Medium,General,100,Government welfare scheme,Chikitsa Pratipoorti Yojana,Not Available,General Public,All,All,0,As per government norms,As per official scheme guidelines,All
Various Ministries,Government,500000,Medium,General,100,Government welfare scheme,Chikitsa Sahayata Yojana,Not Available,General Public,All,All,0,As per government norms,As per official scheme guidelines,All
Ministry of Education,Government,500000,Medium,Student,100,Government welfare scheme,Children Education Allowance,Not Available,General Public,All,All,0,As per government norms,As per official scheme guidelines,All
Ministry of Education,Government,500000,Medium,Student,100,Government welfare scheme,Children Education Assistance Fund,Not Available,General Public,All,All,0,As per government norms,As per official scheme guidelines,All
Various Ministries,Government,500000,Medium,General,100,Government welfare scheme,Cluster Mei Bagwani Ki Yojana,Not Available,General Public,All,All,0,As per government norms,As per official scheme guidelines,All
Various Ministries,Government,500000,Medium,General,100,Government welfare scheme,Cluster Mei Bagwani Ki Yojana-II,Not Available,General Public,All,All,0,As per government norms,As per official scheme guidelines,All
Ministry of Health,Government,500000,Medium,Health,100,Government welfare scheme,Coconut Palm Insurance Scheme,Not Available,General Public,All,All,0,As per government norms,As per official scheme guidelines,All
Various Ministries,Government,500000,Medium,General,100,Government welfare scheme,Coir Udyami Yojana,Not Available,General Public,All,All,0,As per government norms,As per official scheme guidelines,All
Various Ministries,Government,500000,Medium,General,100,Government welfare scheme,Coir Vikas Yojana- Coir Industry Technology Upgradation Scheme,Not Available,General Public,All,All,0,As per government norms,As per official scheme guidelines,All
Various Ministries,Government,500000,Medium,General,100,Government welfare scheme,Coir Vikas Yojana- Export Market Promotion Scheme,Not Available,General Public,All,All,0,As per government norms,As per official scheme guidelines,All
Ministry of Women & Child Development,Government,500000,Medium,Women,100,Government welfare scheme,Coir Vikas Yojana-Skill Upgradation and Mahila Coir Yojana,Not Available,General Public,All,All,0,As per government norms,As per official scheme guidelines,Female
Ministry of MSME,Government,500000,Medium,MSME/Startup,100,Government welfare scheme,Comprehensive Educational Loan Scheme - Sikkim,Not Available,General Public,All,All,0,As per government norms,As per official scheme guidelines,All
Ministry of Education,Government,500000,Medium,Student,100,Government welfare scheme,Consolidated Stipend Scheme for Scheduled Caste Students Pursuing Higher Education,Not Available,General Public,Student,All,0,As per government norms,As per official scheme guidelines,All
Ministry of Rural Development,Government,500000,Medium,Pension,100,Government welfare scheme,Continuation of Pension (K.B.O.C.W.W.B),Not Available,General Public,Unemployed,All,60,As per government norms,As per official scheme guidelines,All
Various Ministries,Government,500000,Medium,General,100,Government welfare scheme,Credit Based Schemes For SC - Aajeevika Micro-Finance Yojana (Livelihood Microfinance Scheme),Not Available,General Public,All,All,0,As per government norms,As per official scheme guidelines,All
Various Ministries,Government,500000,Medium,General,100,Government welfare scheme,Cycle Anudaan Yojana,Not Available,General Public,All,All,0,As per government norms,As per official scheme guidelines,All
Various Ministries,Government,500000,Medium,General,100,Government welfare scheme,Cycle Sahayata Yojana,Not Available,General Public,All,All,0,As per government norms,As per official scheme guidelines,All
Various Ministries,Government,500000,Medium,General,100,Government welfare scheme,Dattopant Thengadi Mratak Shramik Aarthik Sahayata Yojana,Not Available,General Public,All,All,0,As per government norms,As per official scheme guidelines,All
Ministry of Education,Government,500000,Medium,Student,100,Government welfare scheme,Dayanand Bandodkar Scheme For Higher Education For Orphans,Not Available,General Public,All,All,0,As per government norms,As per official scheme guidelines,All
Ministry of Rural Development,Government,500000,Medium,Pension,100,Government welfare scheme,Deen Dayal Divyangjan Pension Scheme - Assam,Not Available,General Public,Unemployed,All,60,As per government norms,As per official scheme guidelines,All
Ministry of Education,Government,500000,Medium,Student,100,Government welfare scheme,Deen Dayal SPARSH Yojana (Scholarship For Promotion Of Aptitude & Research In Stamps As A Hobby),Not Available,General Public,Student,All,0,As per government norms,As per official scheme guidelines,All
Various Ministries,Government,500000,Medium,General,100,Government welfare scheme,Deen Dayal Swasthya Seva Yojana,Not Available,General Public,All,All,0,As per government norms,As per official scheme guidelines,All
Various Ministries,Government,500000,Medium,General,100,Government welfare scheme,Deen Dayal Upadhyay Grameen Kaushalya Yojana,Not Available,General Public,All,All,0,As per government norms,As per official scheme guidelines,All
Various Ministries,Government,500000,Medium,General,100,Government welfare scheme,Deen Dayal Upadhyay Kaushal Kendra (DDUKK)- Mega Skill Centre,Not Available,General Public,All,All,0,As per government norms,As per official scheme guidelines,All
Various Ministries,Government,500000,Medium,General,100,Government welfare scheme,Deen Dayal Upadhyaya Antyodaya Parivar Suraksha Yojana (DAYALU),Not Available,General Public,All,All,0,As per government norms,As per official scheme guidelines,All
Various Ministries,Government,500000,Medium,General,100,Government welfare scheme,Deen Dayal Upadhyaya Antyodaya Parivar Suraksha Yojana (DAYALU-II),Not Available,General Public,All,All,0,As per government norms,As per official scheme guidelines,All
Various Ministries,Government,500000,Medium,General,100,Government welfare scheme,Deen Dayal Upadhyaya Bunkar Yojana,Not Available,General Public,All,All,0,As per government norms,As per official scheme guidelines,All
Various Ministries,Government,500000,High,General,100,Government welfare scheme,Deendayal Antyodaya Yojana - National Rural Livelihoods Mission,Not Available,General Public,All,All,0,As per government norms,As per official scheme guidelines,All
Ministry of Rural Development,Government,500000,Medium,Pension,100,Government welfare scheme,Delhi Pension Scheme To Women In Distress (Widow Pension),Not Available,General Public,Unemployed,All,60,As per government norms,As per official scheme guidelines,Female
Ministry of Rural Development,Government,500000,Medium,Pension,100,Government welfare scheme,Dependent Children Pension Scheme - Punjab,Not Available,General Public,Unemployed,All,60,As per government norms,As per official scheme guidelines,All
Ministry of Agriculture,Government,500000,Medium,Farmer,100,Government welfare scheme,Destitute Agricultural Labourers Pension Scheme,Not Available,General Public,Unemployed,All,60,As per government norms,As per official scheme guidelines,All
Ministry of Rural Development,Government,500000,Medium,Pension,100,Government welfare scheme,Destitute Differently Abled Pension Scheme,Not Available,General Public,Unemployed,All,60,As per government norms,As per official scheme guidelines,All
Ministry of Rural Development,Government,500000,Medium,Pension,100,Government welfare scheme,Destitute Widow Pension Scheme,Not Available,General Public,Unemployed,All,60,As per government norms,As per official scheme guidelines,All
Ministry of Rural Development,Government,500000,Medium,Pension,100,Government welfare scheme,Destitute/Deserted Wives Pension Scheme,Not Available,General Public,Unemployed,All,60,As per government norms,As per official scheme guidelines,All
Various Ministries,Government,500000,Medium,General,100,Government welfare scheme,Devnarayan Gurukul Yojana,Not Available,General Public,All,All,0,As per government norms,As per official scheme guidelines,All
Various Ministries,Government,500000,Medium,General,100,Government welfare scheme,Devnarayan Pratibhawan Chhatra Protsahan Yojana,Not Available,General Public,All,All,0,As per government norms,As per official scheme guidelines,All
Various Ministries,Government,500000,Medium,General,100,Government welfare scheme,Dhanvantari Arogya Rath Yojana (GBOCWWB),Not Available,General Public,All,All,0,As per government norms,As per official scheme guidelines,All
Various Ministries,Government,500000,Medium,General,100,Government welfare scheme,Dhobhi Hetu Avashyak Upkaran Sahayata Yojana,Not Available,General Public,All,All,0,As per government norms,As per official scheme guidelines,All
Ministry of Rural Development,Government,500000,Medium,Pension,100,Government welfare scheme,Differently Abled Pension Scheme,Not Available,General Public,Unemployed,All,60,As per government norms,As per official scheme guidelines,All
Ministry of Rural Development,Government,500000,Medium,Pension,100,Government welfare scheme,Disability Pension (A.B.O.C.W.W.B),Not Available,General Public,Unemployed,All,60,As per government norms,As per official scheme guidelines,All
Ministry of Rural Development,Government,500000,Medium,Pension,100,Government welfare scheme,Disability Pension (BBOCWWB),Not Available,General Public,Unemployed,All,60,As per government norms,As per official scheme guidelines,All
Ministry of Rural Development,Government,500000,Medium,Pension,100,Government welfare scheme,Disability Pension (GBOCWWB),Not Available,General Public,Unemployed,All,60,As per government norms,As per official scheme guidelines,All
Ministry of Rural Development,Government,500000,Medium,Pension,100,Government welfare scheme,Disability Pension (HPBOCWWB),Not Available,General Public,Unemployed,All,60,As per government norms,As per official scheme guidelines,All
Ministry of Rural Development,Government,500000,Medium,Pension,100,Government welfare scheme,Disability Pension (MBOCWWB),Not Available,General Public,Unemployed,All,60,As per government norms,As per official scheme guidelines,All
Ministry of Rural Development,Government,500000,Medium,Pension,100,Government welfare scheme,Disability Pension - West Bengal,Not Available,General Public,Unemployed,All,60,As per government norms,As per official scheme guidelines,All
Ministry of Rural Development,Government,500000,Medium,Pension,100,Government welfare scheme,Disability Pension For Registered Worker (HBOCWWB),Not Available,General Public,Unemployed,All,60,As per government norms,As per official scheme guidelines,All
Ministry of Rural Development,Government,500000,Medium,Pension,100,Government welfare scheme,Disability Pension and Ex-Gratia (K.B.O.C.W.W.B),Not Available,General Public,Unemployed,All,60,As per government norms,As per official scheme guidelines,All
Ministry of Rural Development,Government,500000,Medium,Pension,100,Government welfare scheme,Disability Pension for the Construction Workers,Not Available,General Public,Unemployed,All,60,As per government norms,As per official scheme guidelines,All
Ministry of Rural Development,Government,500000,Medium,Pension,100,Government welfare scheme,Disabled Person Pension Scheme - Punjab,Not Available,General Public,Unemployed,All,60,As per government norms,As per official scheme guidelines,All
Ministry of Education,Government,500000,Medium,Student,100,Government welfare scheme,Distance Education Scheme for Girls,Not Available,General Public,All,All,0,As per government norms,As per official scheme guidelines,All
Ministry of Education,Government,500000,Medium,Student,100,Government welfare scheme,"Distance Education Scholarship–Scholarship For Disabled Students Pursuing Degree, PG Courses",Not Available,General Public,Student,All,0,As per government norms,As per official scheme guidelines,All
Ministry of Health,Government,500000,Medium,Health,100,Government welfare scheme,Distribution of Soil Health Card,Not Available,General Public,All,All,0,As per government norms,As per official scheme guidelines,All
Ministry of MSME,Government,500000,Medium,MSME/Startup,100,Government welfare scheme,"District Central Cooperative Banks and through its Branches: For Housing, House Construction, Repair Extension Loan",Not Available,General Public,All,All,0,As per government norms,As per official scheme guidelines,All
Ministry of Rural Development,Government,500000,Medium,Pension,100,Government welfare scheme,Divyang Pension Scheme,Not Available,General Public,Unemployed,All,60,As per government norms,As per official scheme guidelines,All
all,all,Not Available,Not Available,"business,women",60,loan support for small businesses,Pradhan Mantri Mudra Yojana,1000000,Women Entrepreneurs,Business,All,18,all,all,Female
all,all,Not Available,Not Available,"business,women",65,loan support for women entrepreneurs,Stand Up India Scheme,1000000,Women Entrepreneurs,Business,All,18,all,all,Female
all,all,Not Available,Not Available,"business,women",55,financial support for women entrepreneurs,Mahila Udyam Nidhi Scheme,1000000,Women Entrepreneurs,Business,All,18,all,all,Female
all,all,Not Available,Not Available,"business,women",60,subsidy-based scheme for women business owners,PMEGP (Women),1000000,Women Entrepreneurs,Business,All,18,all,all,Female
all,all,Not Available,Not Available,"business,women",55,support for women from low-income groups to start business,Udyogini Scheme,300000,Women Entrepreneurs,Business,All,18,all,all,Female
