scheme_name,category,scheme_type,ministry,benefits,eligibility,description,target_group,age_min,age_max,gender,family_income_max,occupation,state,priority
Indira Mahila Shakti Udyam Protsahan Yojana,Women,Government,Ministry of Women & Child Development,As per official scheme guidelines,As per government norms,Government welfare scheme,General Public,0,100,Female,500000,All,All,Medium
Mukhyamantri Shramik Aujaar Sahayata Yojana,General,Government,Various Ministries,As per official scheme guidelines,As per government norms,Government welfare scheme,General Public,0,100,All,500000,All,All,Medium
Nirman Shramik Jeevan va Bhavishya Suraksha Yojana,General,Government,Various Ministries,As per official scheme guidelines,As per government norms,Government welfare scheme,General Public,0,100,All,500000,All,All,Medium
Safai Karmakaar Ke Putr/Putri Hetu Vishesh Coaching Yojana,General,Government,Various Ministries,As per official scheme guidelines,As per government norms,Government welfare scheme,General Public,0,100,All,500000,All,All,Medium
"""Advance / High Skill Training"" Component of the ""Development of Industries"" Scheme",General,Government,Various Ministries,As per official scheme guidelines,As per government norms,Government welfare scheme,General Public,0,100,All,500000,All,All,Medium
"""Advance/High Skill Training in Coir"" Component of the ""Development of Coir"" Scheme",General,Government,Various Ministries,As per official scheme guidelines,As per government norms,Government welfare scheme,General Public,0,100,All,500000,All,All,Medium
"""Annual Insurance Premium for Boat Owners"" under ""Financial Assistance for Availing Subsidy Components for the Development of Marine Fisheries""",Health,Government,Ministry of Health,As per official scheme guidelines,As per government norms,Government welfare scheme,General Public,0,100,All,500000,All,All,Medium
"""Input Assistance to Farmers for Taking up Fish Farming in Farm Ponds"" Component of the ""Mukhyamantri Maschyajibi Kalyan Yojana"" Scheme",Farmer,Government,Ministry of Agriculture,As per official scheme guidelines,As per government norms,Government welfare scheme,General Public,0,100,All,500000,Farmer,All,Medium
"""Monthly Grant To Old Crafts Persons (Pension)"" Component of the ""Development of Handicrafts"" Scheme",Pension,Government,Ministry of Rural Development,As per official scheme guidelines,As per government norms,Government welfare scheme,General Public,60,100,All,500000,Unemployed,All,Medium
"""Reactivation Of Fisheries Cooperative Societies"" Component of the ""Mukhyamantri Maschyajibi Kalyan Yojana"" Scheme",General,Government,Various Ministries,As per official scheme guidelines,As per government norms,Government welfare scheme,General Public,0,100,All,500000,All,All,Medium
15 Days Skill Up-gradation Training,General,Government,Various Ministries,As per official scheme guidelines,As per government norms,Government welfare scheme,General Public,0,100,All,500000,All,All,Medium
6 Varsh Se Adhik Aayu Ke Bahuviklang Aur Mansik Roop Se Aviksit Nisaktjan Ke Liye Sahayata Anudan Yojana,General,Government,Various Ministries,As per official scheme guidelines,As per government norms,Government welfare scheme,General Public,0,100,All,500000,All,All,Medium
AFFDF-Financial Assistance For Treatment Of Serious Diseases To Non Pensioner Ex-Servicemen (All Ranks)/Widows,Pension,Government,Ministry of Rural Development,As per official scheme guidelines,As per government norms,Government welfare scheme,General Public,60,100,All,500000,Unemployed,All,Medium
AICTE-National Initiative for Training of Technical Teachers (for Inductee Teachers) Scheme,General,Government,Various Ministries,As per official scheme guidelines,As per government norms,Government welfare scheme,General Public,0,100,All,500000,All,All,High
AICTE-Training programs for Physical Education Trainers/Sport-Games Teachers/Director of Sports,Student,Government,Ministry of Education,As per official scheme guidelines,As per government norms,Government welfare scheme,General Public,0,100,All,500000,All,All,Medium
Aahar Anudan Yojana,General,Government,Various Ministries,As per official scheme guidelines,As per government norms,Government welfare scheme,General Public,0,100,All,500000,All,All,Medium
Aaloo Ke Kufri Chipsona-1 Prabhed Ke Kshetra Vistaar Yojana,General,Government,Various Ministries,As per official scheme guidelines,As per government norms,Government welfare scheme,General Public,0,100,All,500000,All,All,Medium
Aam Aadmi Bima Yojana,General,Government,Various Ministries,As per official scheme guidelines,As per government norms,Government welfare scheme,General Public,0,100,All,500000,All,All,Medium
Aam Aadmi Bima Yojana (Maharashtra),General,Government,Various Ministries,As per official scheme guidelines,As per government norms,Government welfare scheme,General Public,0,100,All,500000,All,All,Medium
Aapki Beti Yojana,General,Government,Various Ministries,As per official scheme guidelines,As per government norms,Government welfare scheme,General Public,0,100,All,500000,All,All,Medium
Aastha Yojana,General,Government,Various Ministries,As per official scheme guidelines,As per government norms,Government welfare scheme,General Public,0,100,All,500000,All,All,Medium
Aaws Bhatta Sahayata Yojana,General,Government,Various Ministries,As per official scheme guidelines,As per government norms,Government welfare scheme,General Public,0,100,All,500000,All,All,Medium
Abdul Kalam Technology Innovation National Fellowship,General,Government,Various Ministries,As per official scheme guidelines,As per government norms,Government welfare scheme,General Public,0,100,All,500000,All,All,High
Abhinandan Education Loan Subsidy Scheme,MSME/Startup,Government,Ministry of MSME,As per official scheme guidelines,As per government norms,Government welfare scheme,General Public,0,100,All,500000,All,All,Medium
Abua Awas Yojana,General,Government,Various Ministries,As per official scheme guidelines,As per government norms,Government welfare scheme,General Public,0,100,All,500000,All,All,Medium
Academic Education (JKBOCWWB),Student,Government,Ministry of Education,As per official scheme guidelines,As per government norms,Government welfare scheme,General Public,0,100,All,500000,All,All,Medium
Acharya Vidyasagar Gau Samvardhan Yojana,General,Government,Various Ministries,As per official scheme guidelines,As per government norms,Government welfare scheme,General Public,0,100,All,500000,All,All,Medium
Additional Pension to 100% Disabled Ex-Serviceman having Children,Pension,Government,Ministry of Rural Development,As per official scheme guidelines,As per government norms,Government welfare scheme,General Public,60,100,All,500000,Unemployed,All,Medium
Additional Pension to 100% Disabled Ex-Serviceman having No Child,Pension,Government,Ministry of Rural Development,As per official scheme guidelines,As per government norms,Government welfare scheme,General Public,60,100,All,500000,Unemployed,All,Medium
Additional Pension to Widow of Ex-Serviceman having Children,Pension,Government,Ministry of Rural Development,As per official scheme guidelines,As per government norms,Government welfare scheme,General Public,60,100,All,500000,Unemployed,All,Medium
Additional Pension to Widow of Ex-Serviceman having No Child,Pension,Government,Ministry of Rural Development,As per official scheme guidelines,As per government norms,Government welfare scheme,General Public,60,100,All,500000,Unemployed,All,Medium
Adi Dravidar and Tribal Welfare Department: Scholarship-Free Education upto 12th Std. to All,Student,Government,Ministry of Education,As per official scheme guidelines,As per government norms,Government welfare scheme,General Public,0,100,All,500000,Student,All,Medium
"Adivasi Sanskriti Evam Kala Kendra/Majhi Bhavan, Manki Munda Bhavan, Parha Bhavan, Pargana Bhavan, Dumkuria Bhavan Evam Gosade Nirman Tatha Majhi Than Shed Nirman Yojana",General,Government,Various Ministries,As per official scheme guidelines,As per government norms,Government welfare scheme,General Public,0,100,All,500000,All,All,Medium
Admission in Post Matric Hostel,General,Government,Various Ministries,As per official scheme guidelines,As per government norms,Government welfare scheme,General Public,0,100,All,500000,All,All,Medium
Admission of Adi Dravidar/Tribal Students in Plus One at Reputed Schools,General,Government,Various Ministries,As per official scheme guidelines,As per government norms,Government welfare scheme,General Public,0,100,All,500000,Student,All,Medium
Agnipath Yojana,General,Government,Various Ministries,As per official scheme guidelines,As per government norms,Government welfare scheme,General Public,0,100,All,500000,All,All,Medium
Agricultural Skill Development Training Programme For Women Farmers And Farmers,Farmer,Government,Ministry of Agriculture,As per official scheme guidelines,As per government norms,Government welfare scheme,General Public,0,100,Female,500000,Farmer,All,Medium
Agriculture And Processed Foods Export Promotion Scheme Of APEDA For The 15th Finance Commission Cycle (2021-22 To 2025-26),Farmer,Government,Ministry of Agriculture,As per official scheme guidelines,As per government norms,Government welfare scheme,General Public,0,100,All,500000,All,All,Medium
Akanksha Housing Scheme,General,Government,Various Ministries,As per official scheme guidelines,As per government norms,Government welfare scheme,General Public,0,100,All,500000,All,All,Medium
Alpasankhyak Post-Maitrik Chhaatravrtti Yojana,General,Government,Various Ministries,As per official scheme guidelines,As per government norms,Government welfare scheme,General Public,0,100,All,500000,All,All,Medium
Alpsankhyak Merit-Cum-Means Chatravriti Yojana,General,Government,Various Ministries,As per official scheme guidelines,As per government norms,Government welfare scheme,General Public,0,100,All,500000,All,All,Medium
Alpsankhyak Muslim Parityaqta/Talaqshuda Mahila Sahayata Yojana,Women,Government,Ministry of Women & Child Development,As per official scheme guidelines,As per government norms,Government welfare scheme,General Public,0,100,Female,500000,All,All,Medium
Andaman & Nicobar Islands Scheme for Health Insurance,Health,Government,Ministry of Health,As per official scheme guidelines,As per government norms,Government welfare scheme,General Public,0,100,All,500000,All,All,Medium
Annath Pension Yojana (JBOCWWB),Pension,Government,Ministry of Rural Development,As per official scheme guidelines,As per government norms,Government welfare scheme,General Public,60,100,All,500000,Unemployed,All,Medium
Antarjatiye Vivah Protsahan Anudan Yojana,General,Government,Various Ministries,As per official scheme guidelines,As per government norms,Government welfare scheme,General Public,0,100,All,500000,All,All,Medium
Antayoshti Sahayata Yojana,General,Government,Various Ministries,As per official scheme guidelines,As per government norms,Government welfare scheme,General Public,0,100,All,500000,All,All,Medium
Antheyesthi Anudan Yojana,General,Government,Various Ministries,As per official scheme guidelines,As per government norms,Government welfare scheme,General Public,0,100,All,500000,All,All,Medium
Antim Sans‍kar Yojana ​,General,Government,Various Ministries,As per official scheme guidelines,As per government norms,Government welfare scheme,General Public,0,100,All,500000,All,All,Medium
Antya Sanskar Sahay Yojana,General,Government,Various Ministries,As per official scheme guidelines,As per government norms,Government welfare scheme,General Public,0,100,All,500000,All,All,Medium
Arivu Education Loan Scheme,MSME/Startup,Government,Ministry of MSME,As per official scheme guidelines,As per government norms,Government welfare scheme,General Public,0,100,All,500000,All,All,Medium
Asangathit Karmakaar Mrtyu Evan Divyaang Sahaayata Yojana,General,Government,Various Ministries,As per official scheme guidelines,As per government norms,Government welfare scheme,General Public,0,100,All,500000,All,All,Medium
Asangathit Karmakaar Silai Machine Sahayata Yojana,General,Government,Various Ministries,As per official scheme guidelines,As per government norms,Government welfare scheme,General Public,0,100,All,500000,All,All,Medium
Asangathit Karmakar Gambhir Bimari Chikitsa Sahayata Yojana,General,Government,Various Ministries,As per official scheme guidelines,As per government norms,Government welfare scheme,General Public,0,100,All,500000,All,All,Medium
Asangathit Karmakar Ke Bachcho Hetu Chhatravriti Yojana,General,Government,Various Ministries,As per official scheme guidelines,As per government norms,Government welfare scheme,General Public,0,100,All,500000,All,All,Medium
Asangathit Karmakar Prasuti Sahayata Yojana,General,Government,Various Ministries,As per official scheme guidelines,As per government norms,Government welfare scheme,General Public,0,100,All,500000,All,All,Medium
Asangathit Karmakar Samachar-Patr Hawker Cycle Sahayata Yojana,General,Government,Various Ministries,As per official scheme guidelines,As per government norms,Government welfare scheme,General Public,0,100,All,500000,All,All,Medium
Assam Abhinandan Education Loan Subsidy Scheme,MSME/Startup,Government,Ministry of MSME,As per official scheme guidelines,As per government norms,Government welfare scheme,General Public,0,100,All,500000,All,All,Medium
Atal Asra Yojana,General,Government,Various Ministries,As per official scheme guidelines,As per government norms,Government welfare scheme,General Public,0,100,All,500000,All,All,Medium
Atal Awasiya Vidyala Yojana,General,Government,Various Ministries,As per official scheme guidelines,As per government norms,Government welfare scheme,General Public,0,100,All,500000,All,All,Medium
Atal Beemit Vyakti Kalyan Yojana,General,Government,Various Ministries,As per official scheme guidelines,As per government norms,Government welfare scheme,General Public,0,100,All,500000,All,All,Medium
Atal Graha Jyoti Yojana,General,Government,Various Ministries,As per official scheme guidelines,As per government norms,Government welfare scheme,General Public,0,100,All,500000,All,All,Medium
Atal Mission For Rejuvenation And Urban Transformation,General,Government,Various Ministries,As per official scheme guidelines,As per government norms,Government welfare scheme,General Public,0,100,All,500000,All,All,Medium
Atal Pension Yojana,Pension,Government,Ministry of Rural Development,As per official scheme guidelines,As per government norms,Government welfare scheme,General Public,60,100,All,500000,Unemployed,All,Medium
Atal Sneh Yojana,General,Government,Various Ministries,As per official scheme guidelines,As per government norms,Government welfare scheme,General Public,0,100,All,500000,All,All,Medium
Atma Nirbhar Bagwani Yojana,General,Government,Various Ministries,As per official scheme guidelines,As per government norms,Government welfare scheme,General Public,0,100,All,500000,All,All,Medium
Atma Nirbhar Krishi Yojana,General,Government,Various Ministries,As per official scheme guidelines,As per government norms,Government welfare scheme,General Public,0,100,All,500000,All,All,Medium
"Award for Success in State Public Service Commission, Union Public Service Commission Examination (MPBOCWWB)",General,Government,Various Ministries,As per official scheme guidelines,As per government norms,Government welfare scheme,General Public,0,100,All,500000,All,All,Medium
Award of Attendance Scholarship to Girl Students in the Middle Stage of Education,Student,Government,Ministry of Education,As per official scheme guidelines,As per government norms,Government welfare scheme,General Public,0,100,All,500000,Student,All,Medium
Award of Scholarship to the Children who are Recipients of National Child Award for Exceptional Achievements and Other National / International Merit Awards,Student,Government,Ministry of Education,As per official scheme guidelines,As per government norms,Government welfare scheme,General Public,0,100,All,500000,Student,All,High
Awasiya Vidyala Yojana,General,Government,Various Ministries,As per official scheme guidelines,As per government norms,Government welfare scheme,General Public,0,100,All,500000,All,All,Medium
Ayushman Bharat - Pradhan Mantri Jan Arogya Yojana,Health,Government,Ministry of Health,As per official scheme guidelines,As per government norms,Government welfare scheme,General Public,0,100,All,300000,All,All,High
BPL (Below Poverty Line) Student Welfare Scholarship - Technical Education,Student,Government,Ministry of Education,As per official scheme guidelines,As per government norms,Government welfare scheme,General Public,0,100,All,500000,Student,All,Medium
Bakri Palan Yojana,General,Government,Various Ministries,As per official scheme guidelines,As per government norms,Government welfare scheme,General Public,0,100,All,500000,All,All,Medium
Bal Sakha Yojana,General,Government,Various Ministries,As per official scheme guidelines,As per government norms,Government welfare scheme,General Public,0,100,All,500000,All,All,Medium
Balika Samrithi Yojana,General,Government,Various Ministries,As per official scheme guidelines,As per government norms,Government welfare scheme,General Public,0,100,All,500000,All,All,Medium
Banglar Awaas Yojana (BAY),General,Government,Various Ministries,As per official scheme guidelines,As per government norms,Government welfare scheme,General Public,0,100,All,500000,All,All,Medium
Baristha Nagarika Tirtha Yatra Yojana,General,Government,Various Ministries,As per official scheme guidelines,As per government norms,Government welfare scheme,General Public,0,100,All,500000,All,All,Medium
Beej Masaale Ki Yojana,General,Government,Various Ministries,As per official scheme guidelines,As per government norms,Government welfare scheme,General Public,0,100,All,500000,All,All,Medium
Beti Hai Anmol Yojana,General,Government,Various Ministries,As per official scheme guidelines,As per government norms,Government welfare scheme,General Public,0,100,All,500000,All,All,Medium
Bharati Scheme for Education - 1st Class to 5th Class,Student,Government,Ministry of Education,As per official scheme guidelines,As per government norms,Government welfare scheme,General Public,0,100,All,500000,All,All,Medium
Bharati Scheme for Education - 6th Class to 10th Class,Student,Government,Ministry of Education,As per official scheme guidelines,As per government norms,Government welfare scheme,General Public,0,100,All,500000,All,All,Medium
Bharati Scheme for Education - Graduation,Student,Government,Ministry of Education,As per official scheme guidelines,As per government norms,Government welfare scheme,General Public,0,100,All,500000,All,All,Medium
Bharati Scheme for Education - Intermediate or Equivalent,Student,Government,Ministry of Education,As per official scheme guidelines,As per government norms,Government welfare scheme,General Public,0,100,All,500000,All,All,Medium
Bharati Scheme for Education - Post-Graduation,Student,Government,Ministry of Education,As per official scheme guidelines,As per government norms,Government welfare scheme,General Public,0,100,All,500000,All,All,Medium
Bharati Scheme for Education - Professional Education Course,Student,Government,Ministry of Education,As per official scheme guidelines,As per government norms,Government welfare scheme,General Public,0,100,All,500000,All,All,Medium
Bharati Scheme for Education Professional Education Course - Chartered Accountancy Final,Student,Government,Ministry of Education,As per official scheme guidelines,As per government norms,Government welfare scheme,General Public,0,100,All,500000,All,All,Medium
Bharati Scheme for Education Professional Education Course - Chartered Accountancy Intern,Student,Government,Ministry of Education,As per official scheme guidelines,As per government norms,Government welfare scheme,General Public,0,100,All,500000,All,All,Medium
Bhavantar Bharpai Yojana,General,Government,Various Ministries,As per official scheme guidelines,As per government norms,Government welfare scheme,General Public,0,100,All,500000,All,All,Medium
Bhed Palan Yojana,General,Government,Various Ministries,As per official scheme guidelines,As per government norms,Government welfare scheme,General Public,0,100,All,500000,All,All,Medium
Bhraman - Darshan Yojana,General,Government,Various Ministries,As per official scheme guidelines,As per government norms,Government welfare scheme,General Public,0,100,All,500000,All,All,Medium
Bihar Disability Pension Scheme,Pension,Government,Ministry of Rural Development,As per official scheme guidelines,As per government norms,Government welfare scheme,General Public,60,100,All,500000,Unemployed,All,Medium
Bihar Shatabdi AIDS Pirit Kalyan Yojana,General,Government,Various Ministries,As per official scheme guidelines,As per government norms,Government welfare scheme,General Public,0,100,All,500000,All,All,Medium
Bihar Shatabdi Asangathit Karyakshetra Kamagaar Evan Shilpakar Samajik Suraksha Yojana: Accidental Death,General,Government,Various Ministries,As per official scheme guidelines,As per government norms,Government welfare scheme,General Public,0,100,All,500000,All,All,Medium
Bihar Shatabdi Asangathit Karyakshetra Kamagaar Evan Shilpakar Samajik Suraksha Yojana: Accidental Injuries,General,Government,Various Ministries,As per official scheme guidelines,As per government norms,Government welfare scheme,General Public,0,100,All,500000,All,All,Medium
Bihar Shatabdi Asangathit Karyakshetra Kamagaar Evan Shilpakar Samajik Suraksha Yojana: Medical Assistance for Incurable Diseases,General,Government,Various Ministries,As per official scheme guidelines,As per government norms,Government welfare scheme,General Public,0,100,All,500000,All,All,Medium
Bihar Shatabdi Asangathit Karyakshetra Kamagaar Evan Shilpakar Samajik Suraksha Yojana: Natural Death,General,Government,Various Ministries,As per official scheme guidelines,As per government norms,Government welfare scheme,General Public,0,100,All,500000,All,All,Medium
Bihar Shatabdi Asangathit Karyakshetra Kamagaar Evan Shilpakar Samajik Suraksha Yojana: Permanent Partial Disability,General,Government,Various Ministries,As per official scheme guidelines,As per government norms,Government welfare scheme,General Public,0,100,All,500000,All,All,Medium
Bihar Shatabdi Asangathit Karyakshetra Kamagaar Evan Shilpakar Samajik Suraksha Yojana: Total Permanent Disability,General,Government,Various Ministries,As per official scheme guidelines,As per government norms,Government welfare scheme,General Public,0,100,All,500000,All,All,Medium
Bihar Startup Policy,MSME/Startup,Government,Ministry of MSME,As per official scheme guidelines,As per government norms,Government welfare scheme,General Public,0,100,All,500000,All,All,Medium
Bihar State Alpsankhyak Awasiya Vidyalaya Yojana,General,Government,Various Ministries,As per official scheme guidelines,As per government norms,Government welfare scheme,General Public,0,100,All,500000,All,All,Medium
Bihar State Journalist Insurance Scheme,Health,Government,Ministry of Health,As per official scheme guidelines,As per government norms,Government welfare scheme,General Public,0,100,All,500000,All,All,Medium
Biju Pucca Ghar Yojana,General,Government,Various Ministries,As per official scheme guidelines,As per government norms,Government welfare scheme,General Public,0,100,All,500000,All,All,Medium
Biju Swasthya Kalyan Yojana,General,Government,Various Ministries,As per official scheme guidelines,As per government norms,Government welfare scheme,General Public,0,100,All,500000,All,All,Medium
Biju Yuva Sashaktikaran Yojana,General,Government,Various Ministries,As per official scheme guidelines,As per government norms,Government welfare scheme,General Public,0,100,All,500000,All,All,Medium
Bima Yojana - Direct Benefit to Artisan,General,Government,Various Ministries,As per official scheme guidelines,As per government norms,Government welfare scheme,General Public,0,100,All,500000,All,All,Medium
Bina Mulya Samajik Suraksha Yojana,General,Government,Various Ministries,As per official scheme guidelines,As per government norms,Government welfare scheme,General Public,0,100,All,500000,All,All,Medium
Birsa Awas Nirman Yojana,General,Government,Various Ministries,As per official scheme guidelines,As per government norms,Government welfare scheme,General Public,0,100,All,500000,All,All,Medium
Birsa Harit Gram Yojana,General,Government,Various Ministries,As per official scheme guidelines,As per government norms,Government welfare scheme,General Public,0,100,All,500000,All,All,Medium
Block Level Institute for Rural Skill Acquisition (BIRSA),General,Government,Various Ministries,As per official scheme guidelines,As per government norms,Government welfare scheme,General Public,0,100,All,500000,All,All,Medium
Bunkar Parivar Ke Pratibhavan Chatra-Chatraon Ko Protsahan Puraskar Yojana,General,Government,Various Ministries,As per official scheme guidelines,As per government norms,Government welfare scheme,General Public,0,100,All,500000,All,All,Medium
Bunkar Parivar Sahayata Yojana,General,Government,Various Ministries,As per official scheme guidelines,As per government norms,Government welfare scheme,General Public,0,100,All,500000,All,All,Medium
Capacity Building For Service Providers - Skill Testing & Certification,General,Government,Various Ministries,As per official scheme guidelines,As per government norms,Government welfare scheme,General Public,0,100,All,500000,All,All,Medium
Central Sector Scheme of National Fellowship for Providing Fellowship to Scheduled Caste Students to Pursue M.Phil. & PhD,General,Government,Various Ministries,As per official scheme guidelines,As per government norms,Government welfare scheme,General Public,0,100,All,500000,Student,All,High
Central Vigilance Commission (CVC) Internship Scheme,General,Government,Various Ministries,As per official scheme guidelines,As per government norms,Government welfare scheme,General Public,0,100,All,500000,All,All,Medium
Chai Vikas Yojana,General,Government,Various Ministries,As per official scheme guidelines,As per government norms,Government welfare scheme,General Public,0,100,All,500000,All,All,Medium
Chhattisgarh Mukhyamantri Kanya Vivah Yojana,General,Government,Various Ministries,As per official scheme guidelines,As per government norms,Government welfare scheme,General Public,0,100,All,500000,All,All,Medium
Chief Minister Arogya Arunachal Yojana,General,Government,Various Ministries,As per official scheme guidelines,As per government norms,Government welfare scheme,General Public,0,100,All,500000,All,All,Medium
Chief Minister BC & EBC Chhatravas Anudan Yojana,General,Government,Various Ministries,As per official scheme guidelines,As per government norms,Government welfare scheme,General Public,0,100,All,500000,All,All,Medium
Chief Minister EBC Civil Seva Protsahan Yojana,General,Government,Various Ministries,As per official scheme guidelines,As per government norms,Government welfare scheme,General Public,0,100,All,500000,All,All,Medium
Chief Minister Ekal Nari Samman Pension Yojana,Pension,Government,Ministry of Rural Development,As per official scheme guidelines,As per government norms,Government welfare scheme,General Public,60,100,All,500000,Unemployed,All,Medium
Chief Minister Floriculture Mission,General,Government,Various Ministries,As per official scheme guidelines,As per government norms,Government welfare scheme,General Public,0,100,All,500000,All,All,Medium
Chief Minister Higher Education Encouragement Scholarship Scheme,Student,Government,Ministry of Education,As per official scheme guidelines,As per government norms,Government welfare scheme,General Public,0,100,All,500000,Student,All,Medium
Chief Minister Higher Education Scholarship Scheme,Student,Government,Ministry of Education,As per official scheme guidelines,As per government norms,Government welfare scheme,General Public,0,100,All,500000,Student,All,Medium
Chief Minister Housing Assistance Programme,General,Government,Various Ministries,As per official scheme guidelines,As per government norms,Government welfare scheme,General Public,0,100,All,500000,All,All,Medium
Chief Minister Kanya Utthan Yojana,General,Government,Various Ministries,As per official scheme guidelines,As per government norms,Government welfare scheme,General Public,0,100,All,500000,All,All,Medium
Chief Minister Ladli Behna Yojana,General,Government,Various Ministries,As per official scheme guidelines,As per government norms,Government welfare scheme,General Public,0,100,All,500000,All,All,Medium
Chief Minister Nari Shakti Yojana,General,Government,Various Ministries,As per official scheme guidelines,As per government norms,Government welfare scheme,General Public,0,100,All,500000,All,All,Medium
Chief Minister Pension Scheme,Pension,Government,Ministry of Rural Development,As per official scheme guidelines,As per government norms,Government welfare scheme,General Public,60,100,All,500000,Unemployed,All,Medium
Chief Minister Samagra Gramya Unnayan Yojana,General,Government,Various Ministries,As per official scheme guidelines,As per government norms,Government welfare scheme,General Public,0,100,All,500000,All,All,Medium
Chief Minister Specially Abled Samman Pension Scheme,Pension,Government,Ministry of Rural Development,As per official scheme guidelines,As per government norms,Government welfare scheme,General Public,60,100,All,500000,Unemployed,All,Medium
Chief Minister's Building and Other Construction Workers Housing (Rural) Scheme,General,Government,Various Ministries,As per official scheme guidelines,As per government norms,Government welfare scheme,General Public,0,100,All,500000,All,All,Medium
Chief Minister's Building and Other Construction Workers Urban Housing Scheme (MPBOCWWB),General,Government,Various Ministries,As per official scheme guidelines,As per government norms,Government welfare scheme,General Public,0,100,All,500000,All,All,Medium
Chief Minister's Comprehensive Health Insurance Scheme,Health,Government,Ministry of Health,As per official scheme guidelines,As per government norms,Government welfare scheme,General Public,0,100,All,500000,All,All,Medium
Chief Minister's Jeevan Jyoti Swaniyojan Yojana,General,Government,Various Ministries,As per official scheme guidelines,As per government norms,Government welfare scheme,General Public,0,100,All,500000,All,All,Medium
Chief Minister's Krishi Rinn Yojana,General,Government,Various Ministries,As per official scheme guidelines,As per government norms,Government welfare scheme,General Public,0,100,All,500000,All,All,Medium
Chief Minister's State Disability Pension Scheme - Sikkim,Pension,Government,Ministry of Rural Development,As per official scheme guidelines,As per government norms,Government welfare scheme,General Public,60,100,All,500000,Unemployed,All,Medium
Chief Ministergi Artistesinggi Tengbang (CMAT) – Artiste’s Pension,Pension,Government,Ministry of Rural Development,As per official scheme guidelines,As per government norms,Government welfare scheme,General Public,60,100,All,500000,Unemployed,All,Medium
Chief Ministergi Artistesinggi Tengbang (CMAT) – Scheme Of Festival Assistance For Participating In International & National Festival,General,Government,Various Ministries,As per official scheme guidelines,As per government norms,Government welfare scheme,General Public,0,100,All,500000,All,All,High
Chief Minister’s Comprehensive Health Insurance Scheme - Tamil Nadu,Health,Government,Ministry of Health,As per official scheme guidelines,As per government norms,Government welfare scheme,General Public,0,100,All,500000,All,All,Medium
Chief Minister’s Health Insurance Scheme - Nagaland,Health,Government,Ministry of Health,As per official scheme guidelines,As per government norms,Government welfare scheme,General Public,0,100,All,500000,All,All,Medium
Chief Minister’s Krishi Samuh Yojana,General,Government,Various Ministries,As per official scheme guidelines,As per government norms,Government welfare scheme,General Public,0,100,All,500000,All,All,Medium
Chief Minister’s Paryatan Siksha Yojana,General,Government,Various Ministries,As per official scheme guidelines,As per government norms,Government welfare scheme,General Public,0,100,All,500000,All,All,Medium
Chief Minister’s Paryatan Vikas Yojana,General,Government,Various Ministries,As per official scheme guidelines,As per government norms,Government welfare scheme,General Public,0,100,All,500000,All,All,Medium
Chief Minister’s Shasakt Kisan Yojana,Farmer,Government,Ministry of Agriculture,As per official scheme guidelines,As per government norms,Government welfare scheme,General Public,0,100,All,500000,Farmer,All,Medium
Chief Minister’s Startup/innovation Projects/new Industries,MSME/Startup,Government,Ministry of MSME,As per official scheme guidelines,As per government norms,Government welfare scheme,General Public,0,100,All,500000,All,All,Medium
Chief Minister’s Yuva Kaushal Yojana,General,Government,Various Ministries,As per official scheme guidelines,As per government norms,Government welfare scheme,General Public,0,100,All,500000,All,All,Medium
Chikitsa Pratipoorti Yojana,General,Government,Various Ministries,As per official scheme guidelines,As per government norms,Government welfare scheme,General Public,0,100,All,500000,All,All,Medium
Chikitsa Sahayata Yojana,General,Government,Various Ministries,As per official scheme guidelines,As per government norms,Government welfare scheme,General Public,0,100,All,500000,All,All,Medium
Children Education Allowance,Student,Government,Ministry of Education,As per official scheme guidelines,As per government norms,Government welfare scheme,General Public,0,100,All,500000,All,All,Medium
Children Education Assistance Fund,Student,Government,Ministry of Education,As per official scheme guidelines,As per government norms,Government welfare scheme,General Public,0,100,All,500000,All,All,Medium
Cluster Mei Bagwani Ki Yojana,General,Government,Various Ministries,As per official scheme guidelines,As per government norms,Government welfare scheme,General Public,0,100,All,500000,All,All,Medium
Cluster Mei Bagwani Ki Yojana-II,General,Government,Various Ministries,As per official scheme guidelines,As per government norms,Government welfare scheme,General Public,0,100,All,500000,All,All,Medium
Coconut Palm Insurance Scheme,Health,Government,Ministry of Health,As per official scheme guidelines,As per government norms,Government welfare scheme,General Public,0,100,All,500000,All,All,Medium
Coir Udyami Yojana,General,Government,Various Ministries,As per official scheme guidelines,As per government norms,Government welfare scheme,General Public,0,100,All,500000,All,All,Medium
Coir Vikas Yojana- Coir Industry Technology Upgradation Scheme,General,Government,Various Ministries,As per official scheme guidelines,As per government norms,Government welfare scheme,General Public,0,100,All,500000,All,All,Medium
Coir Vikas Yojana- Export Market Promotion Scheme,General,Government,Various Ministries,As per official scheme guidelines,As per government norms,Government welfare scheme,General Public,0,100,All,500000,All,All,Medium
Coir Vikas Yojana-Skill Upgradation and Mahila Coir Yojana,Women,Government,Ministry of Women & Child Development,As per official scheme guidelines,As per government norms,Government welfare scheme,General Public,0,100,Female,500000,All,All,Medium
Comprehensive Educational Loan Scheme - Sikkim,MSME/Startup,Government,Ministry of MSME,As per official scheme guidelines,As per government norms,Government welfare scheme,General Public,0,100,All,500000,All,All,Medium
Consolidated Stipend Scheme for Scheduled Caste Students Pursuing Higher Education,Student,Government,Ministry of Education,As per official scheme guidelines,As per government norms,Government welfare scheme,General Public,0,100,All,500000,Student,All,Medium
Continuation of Pension (K.B.O.C.W.W.B),Pension,Government,Ministry of Rural Development,As per official scheme guidelines,As per government norms,Government welfare scheme,General Public,60,100,All,500000,Unemployed,All,Medium
Credit Based Schemes For SC - Aajeevika Micro-Finance Yojana (Livelihood Microfinance Scheme),General,Government,Various Ministries,As per official scheme guidelines,As per government norms,Government welfare scheme,General Public,0,100,All,500000,All,All,Medium
Cycle Anudaan Yojana,General,Government,Various Ministries,As per official scheme guidelines,As per government norms,Government welfare scheme,General Public,0,100,All,500000,All,All,Medium
Cycle Sahayata Yojana,General,Government,Various Ministries,As per official scheme guidelines,As per government norms,Government welfare scheme,General Public,0,100,All,500000,All,All,Medium
Dattopant Thengadi Mratak Shramik Aarthik Sahayata Yojana,General,Government,Various Ministries,As per official scheme guidelines,As per government norms,Government welfare scheme,General Public,0,100,All,500000,All,All,Medium
Dayanand Bandodkar Scheme For Higher Education For Orphans,Student,Government,Ministry of Education,As per official scheme guidelines,As per government norms,Government welfare scheme,General Public,0,100,All,500000,All,All,Medium
Deen Dayal Divyangjan Pension Scheme - Assam,Pension,Government,Ministry of Rural Development,As per official scheme guidelines,As per government norms,Government welfare scheme,General Public,60,100,All,500000,Unemployed,All,Medium
Deen Dayal SPARSH Yojana (Scholarship For Promotion Of Aptitude & Research In Stamps As A Hobby),Student,Government,Ministry of Education,As per official scheme guidelines,As per government norms,Government welfare scheme,General Public,0,100,All,500000,Student,All,Medium
Deen Dayal Swasthya Seva Yojana,General,Government,Various Ministries,As per official scheme guidelines,As per government norms,Government welfare scheme,General Public,0,100,All,500000,All,All,Medium
Deen Dayal Upadhyay Grameen Kaushalya Yojana,General,Government,Various Ministries,As per official scheme guidelines,As per government norms,Government welfare scheme,General Public,0,100,All,500000,All,All,Medium
Deen Dayal Upadhyay Kaushal Kendra (DDUKK)- Mega Skill Centre,General,Government,Various Ministries,As per official scheme guidelines,As per government norms,Government welfare scheme,General Public,0,100,All,500000,All,All,Medium
Deen Dayal Upadhyaya Antyodaya Parivar Suraksha Yojana (DAYALU),General,Government,Various Ministries,As per official scheme guidelines,As per government norms,Government welfare scheme,General Public,0,100,All,500000,All,All,Medium
Deen Dayal Upadhyaya Antyodaya Parivar Suraksha Yojana (DAYALU-II),General,Government,Various Ministries,As per official scheme guidelines,As per government norms,Government welfare scheme,General Public,0,100,All,500000,All,All,Medium
Deen Dayal Upadhyaya Bunkar Yojana,General,Government,Various Ministries,As per official scheme guidelines,As per government norms,Government welfare scheme,General Public,0,100,All,500000,All,All,Medium
Deendayal Antyodaya Yojana - National Rural Livelihoods Mission,General,Government,Various Ministries,As per official scheme guidelines,As per government norms,Government welfare scheme,General Public,0,100,All,500000,All,All,High
Delhi Pension Scheme To Women In Distress (Widow Pension),Pension,Government,Ministry of Rural Development,As per official scheme guidelines,As per government norms,Government welfare scheme,General Public,60,100,Female,500000,Unemployed,All,Medium
Dependent Children Pension Scheme - Punjab,Pension,Government,Ministry of Rural Development,As per official scheme guidelines,As per government norms,Government welfare scheme,General Public,60,100,All,500000,Unemployed,All,Medium
Destitute Agricultural Labourers Pension Scheme,Farmer,Government,Ministry of Agriculture,As per official scheme guidelines,As per government norms,Government welfare scheme,General Public,60,100,All,500000,Unemployed,All,Medium
Destitute Differently Abled Pension Scheme,Pension,Government,Ministry of Rural Development,As per official scheme guidelines,As per government norms,Government welfare scheme,General Public,60,100,All,500000,Unemployed,All,Medium
Destitute Widow Pension Scheme,Pension,Government,Ministry of Rural Development,As per official scheme guidelines,As per government norms,Government welfare scheme,General Public,60,100,All,500000,Unemployed,All,Medium
Destitute/Deserted Wives Pension Scheme,Pension,Government,Ministry of Rural Development,As per official scheme guidelines,As per government norms,Government welfare scheme,General Public,60,100,All,500000,Unemployed,All,Medium
Devnarayan Gurukul Yojana,General,Government,Various Ministries,As per official scheme guidelines,As per government norms,Government welfare scheme,General Public,0,100,All,500000,All,All,Medium
Devnarayan Pratibhawan Chhatra Protsahan Yojana,General,Government,Various Ministries,As per official scheme guidelines,As per government norms,Government welfare scheme,General Public,0,100,All,500000,All,All,Medium
Dhanvantari Arogya Rath Yojana (GBOCWWB),General,Government,Various Ministries,As per official scheme guidelines,As per government norms,Government welfare scheme,General Public,0,100,All,500000,All,All,Medium
Dhobhi Hetu Avashyak Upkaran Sahayata Yojana,General,Government,Various Ministries,As per official scheme guidelines,As per government norms,Government welfare scheme,General Public,0,100,All,500000,All,All,Medium
Differently Abled Pension Scheme,Pension,Government,Ministry of Rural Development,As per official scheme guidelines,As per government norms,Government welfare scheme,General Public,60,100,All,500000,Unemployed,All,Medium
Disability Pension (A.B.O.C.W.W.B),Pension,Government,Ministry of Rural Development,As per official scheme guidelines,As per government norms,Government welfare scheme,General Public,60,100,All,500000,Unemployed,All,Medium
Disability Pension (BBOCWWB),Pension,Government,Ministry of Rural Development,As per official scheme guidelines,As per government norms,Government welfare scheme,General Public,60,100,All,500000,Unemployed,All,Medium
Disability Pension (GBOCWWB),Pension,Government,Ministry of Rural Development,As per official scheme guidelines,As per government norms,Government welfare scheme,General Public,60,100,All,500000,Unemployed,All,Medium
Disability Pension (HPBOCWWB),Pension,Government,Ministry of Rural Development,As per official scheme guidelines,As per government norms,Government welfare scheme,General Public,60,100,All,500000,Unemployed,All,Medium
Disability Pension (MBOCWWB),Pension,Government,Ministry of Rural Development,As per official scheme guidelines,As per government norms,Government welfare scheme,General Public,60,100,All,500000,Unemployed,All,Medium
Disability Pension - West Bengal,Pension,Government,Ministry of Rural Development,As per official scheme guidelines,As per government norms,Government welfare scheme,General Public,60,100,All,500000,Unemployed,All,Medium
Disability Pension For Registered Worker (HBOCWWB),Pension,Government,Ministry of Rural Development,As per official scheme guidelines,As per government norms,Government welfare scheme,General Public,60,100,All,500000,Unemployed,All,Medium
Disability Pension and Ex-Gratia (K.B.O.C.W.W.B),Pension,Government,Ministry of Rural Development,As per official scheme guidelines,As per government norms,Government welfare scheme,General Public,60,100,All,500000,Unemployed,All,Medium
Disability Pension for the Construction Workers,Pension,Government,Ministry of Rural Development,As per official scheme guidelines,As per government norms,Government welfare scheme,General Public,60,100,All,500000,Unemployed,All,Medium
Disabled Person Pension Scheme - Punjab,Pension,Government,Ministry of Rural Development,As per official scheme guidelines,As per government norms,Government welfare scheme,General Public,60,100,All,500000,Unemployed,All,Medium
Distance Education Scheme for Girls,Student,Government,Ministry of Education,As per official scheme guidelines,As per government norms,Government welfare scheme,General Public,0,100,All,500000,All,All,Medium
"Distance Education Scholarship–Scholarship For Disabled Students Pursuing Degree, PG Courses",Student,Government,Ministry of Education,As per official scheme guidelines,As per government norms,Government welfare scheme,General Public,0,100,All,500000,Student,All,Medium
Distribution of Soil Health Card,Health,Government,Ministry of Health,As per official scheme guidelines,As per government norms,Government welfare scheme,General Public,0,100,All,500000,All,All,Medium
"District Central Cooperative Banks and through its Branches: For Housing, House Construction, Repair Extension Loan",MSME/Startup,Government,Ministry of MSME,As per official scheme guidelines,As per government norms,Government welfare scheme,General Public,0,100,All,500000,All,All,Medium
Divyang Pension Scheme,Pension,Government,Ministry of Rural Development,As per official scheme guidelines,As per government norms,Government welfare scheme,General Public,60,100,All,500000,Unemployed,All,Medium
